FIPS,COUNTY_NAME,STATE_ABBREV,influence_score,eigenvector_centrality
48037,Bowie County,TX,29.22842059900883,1.4661765410739013e-23
48183,Gregg County,TX,29.22842059900883,1.4661765410739013e-23
48485,Wichita County,TX,29.169597069597067,1.4661765410739013e-23
48441,Taylor County,TX,29.1029304029304,1.4661765410739013e-23
48293,Limestone County,TX,29.03150183150183,1.4661765410739013e-23
48363,Palo Pinto County,TX,29.03150183150183,1.4661765410739013e-23
48049,Brown County,TX,29.03150183150183,1.4661765410739013e-23
48179,Gray County,TX,29.03150183150183,1.4661765410739013e-23
48181,Grayson County,TX,29.03150183150183,1.4661765410739013e-23
48199,Hardin County,TX,29.03150183150183,1.4661765410739013e-23
48005,Angelina County,TX,29.03150183150183,1.4661765410739013e-23
48361,Orange County,TX,29.03150183150183,1.4661765410739013e-23
48221,Hood County,TX,29.03150183150183,1.4661765410739013e-23
48373,Polk County,TX,29.03150183150183,1.4661765410739013e-23
48429,Stephens County,TX,29.03150183150183,1.4661765410739013e-23
48469,Victoria County,TX,29.03150183150183,1.4661765410739013e-23
48277,Lamar County,TX,29.03150183150183,1.4661765410739013e-23
48487,Wilbarger County,TX,29.03150183150183,1.4661765410739013e-23
48075,Childress County,TX,29.03150183150183,1.4661765410739013e-23
48423,Smith County,TX,28.920728291316525,0.004086735161459311
48303,Lubbock County,TX,28.77857142857143,0.004086735161459311
48097,Cooke County,TX,28.72380952380952,1.4661765410739013e-23
48347,Nacogdoches County,TX,28.72380952380952,1.4661765410739013e-23
48007,Aransas County,TX,28.72380952380952,1.4661765410739013e-23
48415,Scurry County,TX,28.72380952380952,1.4661765410739013e-23
48053,Burnet County,TX,28.72380952380952,1.4661765410739013e-23
48291,Liberty County,TX,28.72380952380952,1.4661765410739013e-23
48223,Hopkins County,TX,28.72380952380952,1.4661765410739013e-23
48231,Hunt County,TX,28.72380952380952,1.4661765410739013e-23
48245,Jefferson County,TX,28.711904761904762,0.004086735161459311
48449,Titus County,TX,28.64047619047619,1.4661765410739013e-23
48167,Galveston County,TX,28.64047619047619,1.4661765410739013e-23
48365,Panola County,TX,28.64047619047619,1.4661765410739013e-23
48217,Hill County,TX,28.64047619047619,1.4661765410739013e-23
48337,Montague County,TX,28.64047619047619,1.4661765410739013e-23
48213,Henderson County,TX,28.64047619047619,1.4661765410739013e-23
48001,Anderson County,TX,28.64047619047619,1.4661765410739013e-23
48451,Tom Green County,TX,28.64047619047619,1.4661765410739013e-23
48265,Kerr County,TX,28.64047619047619,1.4661765410739013e-23
48249,Jim Wells County,TX,28.64047619047619,1.4661765410739013e-23
48375,Potter County,TX,28.43739495798319,0.004086735161459311
48299,Llano County,TX,28.24047619047619,1.4661765410739013e-23
48419,Shelby County,TX,28.24047619047619,1.4661765410739013e-23
48135,Ector County,TX,28.24047619047619,1.4661765410739013e-23
48267,Kimble County,TX,28.24047619047619,1.4661765410739013e-23
48171,Gillespie County,TX,28.24047619047619,7.406114941470983e-05
48495,Winkler County,TX,28.24047619047619,1.4661765410739013e-23
48043,Brewster County,TX,28.24047619047619,1.4661765410739013e-23
48143,Erath County,TX,28.24047619047619,1.4661765410739013e-23
48063,Camp County,TX,28.24047619047619,1.4661765410739013e-23
48425,Somervell County,TX,27.99047619047619,1.4661765410739013e-23
48285,Lavaca County,TX,27.99047619047619,1.4661765410739013e-23
48405,San Augustine County,TX,27.99047619047619,1.4661765410739013e-23
48057,Calhoun County,TX,26.698168498168496,0.0868262582700571
48313,Madison County,TX,24.99047619047619,0.09490335703986025
48343,Morris County,TX,24.84047619047619,1.4661765410739013e-23
48133,Eastland County,TX,24.633333333333333,1.4661765410739013e-23
48483,Wheeler County,TX,24.133333333333333,0.09490335703986025
48197,Hardeman County,TX,22.798168498168497,0.34766164822289236
48499,Wood County,TX,22.73150183150183,0.10696771144961785
48455,Trinity County,TX,22.157142857142855,0.09490335703986025
48503,Young County,TX,21.98253968253968,0.0868262582700571
48013,Atascosa County,TX,21.582539682539682,0.0868262582700571
48139,Ellis County,TX,20.9,0.0868262582700571
48219,Hockley County,TX,20.116666666666667,0.18075132785777628
48233,Hutchinson County,TX,19.107142857142858,0.12235716230594114
48093,Comanche County,TX,18.666666666666668,0.1489705008670596
48411,San Saba County,TX,18.666666666666668,0.13358105001073628
48329,Midland County,TX,18.666666666666668,0.13358105001073628
48241,Jasper County,TX,18.5,1.4661765410739013e-23
21193,Perry County,KY,18.399133627810098,1.4661765410739013e-23
21145,Mccracken County,KY,18.399133627810098,1.4661765410739013e-23
21195,Pike County,KY,18.336633627810098,1.3041551978446576e-10
21013,Bell County,KY,18.21898656898657,1.4661765410739013e-23
21235,Whitley County,KY,18.21898656898657,1.4661765410739013e-23
21071,Floyd County,KY,18.21898656898657,1.4661765410739013e-23
21051,Clay County,KY,18.147557997557996,2.7624538355208674e-10
21131,Leslie County,KY,18.147557997557996,1.4661765410739013e-23
21025,Breathitt County,KY,18.147557997557996,1.4661765410739013e-23
21115,Johnson County,KY,18.147557997557996,1.4661765410739013e-23
21075,Fulton County,KY,18.147557997557996,1.4661765410739013e-23
21129,Lee County,KY,18.07063492063492,1.4661765410739013e-23
21095,Harlan County,KY,18.07063492063492,1.4661765410739013e-23
21021,Boyle County,KY,18.07063492063492,1.4661765410739013e-23
21207,Russell County,KY,18.07063492063492,1.4661765410739013e-23
21107,Hopkins County,KY,18.07063492063492,1.4661765410739013e-23
21231,Wayne County,KY,18.07063492063492,1.4661765410739013e-23
21041,Carroll County,KY,18.07063492063492,1.4661765410739013e-23
21205,Rowan County,KY,18.07063492063492,1.4661765410739013e-23
21133,Letcher County,KY,18.07063492063492,1.4661765410739013e-23
21153,Magoffin County,KY,18.07063492063492,1.4661765410739013e-23
21171,Monroe County,KY,18.07063492063492,1.4661765410739013e-23
21173,Montgomery County,KY,18.07063492063492,1.4661765410739013e-23
21033,Caldwell County,KY,18.07063492063492,1.4661765410739013e-23
48225,Houston County,TX,18.0,0.13358105001073628
48129,Donley County,TX,18.0,1.4661765410739013e-23
21049,Clark County,KY,17.96109943977591,1.667982017510965e-10
21147,Mccreary County,KY,17.95952380952381,1.4661765410739013e-23
21055,Crittenden County,KY,17.82063492063492,2.2180959341969477e-08
21197,Powell County,KY,17.82063492063492,2.2180959341969477e-08
21127,Lawrence County,KY,17.70952380952381,1.4661765410739013e-23
21199,Pulaski County,KY,17.70952380952381,1.4661765410739013e-23
21019,Boyd County,KY,17.70952380952381,1.4661765410739013e-23
21213,Simpson County,KY,17.70952380952381,1.4661765410739013e-23
21183,Ohio County,KY,17.233333333333334,1.4661765410739013e-23
21161,Mason County,KY,16.833333333333332,1.4661765410739013e-23
47177,Warren County,TN,16.456349206349206,5.690920779064845e-06
47181,Wayne County,TN,16.456349206349206,5.690920779064845e-06
47099,Lawrence County,TN,16.345238095238095,5.690920779064845e-06
47117,Marshall County,TN,15.916666666666666,5.690920779064845e-06
21087,Green County,KY,15.833333333333334,1.4661765410739013e-23
55057,Juneau County,WI,15.228968253968253,1.4661765410739013e-23
55085,Oneida County,WI,15.228968253968253,1.4661765410739013e-23
55021,Columbia County,WI,15.228968253968253,1.4661765410739013e-23
55003,Ashland County,WI,15.228968253968253,1.4661765410739013e-23
55059,Kenosha County,WI,15.14563492063492,1.4661765410739013e-23
55063,La Crosse County,WI,15.14563492063492,1.4661765410739013e-23
55051,Iron County,WI,15.14563492063492,2.9848240766762725e-09
55031,Douglas County,WI,15.14563492063492,1.4661765410739013e-23
55079,Milwaukee County,WI,15.14563492063492,1.4661765410739013e-23
55141,Wood County,WI,15.14563492063492,1.4661765410739013e-23
55111,Sauk County,WI,15.14563492063492,1.4661765410739013e-23
55105,Rock County,WI,15.14563492063492,1.4661765410739013e-23
55101,Racine County,WI,15.14563492063492,1.4661765410739013e-23
55133,Waukesha County,WI,15.14563492063492,1.4661765410739013e-23
47025,Claiborne County,TN,15.103571428571428,1.4661765410739013e-23
47045,Dyer County,TN,15.103571428571428,1.4661765410739013e-23
47013,Campbell County,TN,15.103571428571428,1.4661765410739013e-23
47029,Cocke County,TN,15.103571428571428,1.4661765410739013e-23
47031,Coffee County,TN,15.103571428571428,1.4661765410739013e-23
47153,Sequatchie County,TN,15.103571428571428,1.4661765410739013e-23
47079,Henry County,TN,15.103571428571428,1.4661765410739013e-23
47107,Mcminn County,TN,15.020238095238094,1.4661765410739013e-23
47063,Hamblen County,TN,15.020238095238094,1.4661765410739013e-23
47041,Dekalb County,TN,15.020238095238094,1.4661765410739013e-23
47071,Hardin County,TN,15.020238095238094,1.4661765410739013e-23
47159,Smith County,TN,15.020238095238094,1.4661765410739013e-23
47163,Sullivan County,TN,15.020238095238094,1.4661765410739013e-23
47145,Roane County,TN,15.020238095238094,1.4661765410739013e-23
47109,Mcnairy County,TN,15.020238095238094,1.4661765410739013e-23
47001,Anderson County,TN,15.020238095238094,1.4661765410739013e-23
47061,Grundy County,TN,15.020238095238094,2.876440908907136e-07
47059,Greene County,TN,14.920238095238094,1.4661765410739013e-23
47035,Cumberland County,TN,14.920238095238094,1.4661765410739013e-23
47017,Carroll County,TN,14.920238095238094,1.4661765410739013e-23
47171,Unicoi County,TN,14.920238095238094,1.4661765410739013e-23
26149,Saint Joseph County,MI,14.81904761904762,1.1495400948883798e-07
26043,Dickinson County,MI,14.81904761904762,1.1495400948883798e-07
48409,San Patricio County,TX,14.791666666666666,0.09490335703986025
13123,Gilmer County,GA,14.646969696969697,4.9654728084794985e-05
47039,Decatur County,TN,14.591666666666667,1.0694123322786854e-05
48251,Johnson County,TX,14.321067821067821,0.07834751416566979
48353,Nolan County,TX,14.321067821067821,0.07834751416566979
48127,Dimmit County,TX,14.321067821067821,0.07834751416566979
13087,Decatur County,GA,14.283333333333333,4.9654728084794985e-05
48257,Kaufman County,TX,14.23015873015873,0.07834751416566979
48355,Nueces County,TX,14.23015873015873,0.07834751416566979
48467,Van Zandt County,TX,14.23015873015873,0.07834751416566979
47179,Washington County,TN,14.116666666666665,1.4661765410739013e-23
47093,Knox County,TN,14.116666666666665,1.4661765410739013e-23
48397,Rockwall County,TX,14.0,0.09490335703986025
48321,Matagorda County,TX,14.0,0.09490335703986025
48349,Navarro County,TX,13.785714285714285,0.07834751416566979
48339,Montgomery County,TX,13.785714285714285,0.07834751416566979
48309,Mclennan County,TX,13.785714285714285,0.07834751416566979
48259,Kendall County,TX,13.785714285714285,0.07834751416566979
48111,Dallam County,TX,13.785714285714285,0.07834751416566979
48091,Comal County,TX,13.785714285714285,0.07834751416566979
48381,Randall County,TX,13.785714285714285,0.07834751416566979
13115,Floyd County,GA,13.396872979961215,1.4661765410739013e-23
13277,Tift County,GA,13.396872979961215,1.4661765410739013e-23
13299,Ware County,GA,13.396872979961215,1.4661765410739013e-23
47101,Lewis County,TN,13.383333333333333,7.569512705944174e-06
13005,Bacon County,GA,13.33804945054945,1.4661765410739013e-23
13069,Coffee County,GA,13.33804945054945,1.4661765410739013e-23
13105,Elbert County,GA,13.27554945054945,1.4661765410739013e-23
13257,Stephens County,GA,13.27554945054945,1.4661765410739013e-23
13043,Candler County,GA,13.27554945054945,1.4661765410739013e-23
13065,Clinch County,GA,13.27554945054945,1.4661765410739013e-23
13305,Wayne County,GA,13.27554945054945,1.4661765410739013e-23
13241,Rabun County,GA,13.27554945054945,1.4661765410739013e-23
13085,Dawson County,GA,13.27554945054945,1.4661765410739013e-23
13017,Ben Hill County,GA,13.27554945054945,1.4661765410739013e-23
13119,Franklin County,GA,13.27554945054945,1.4661765410739013e-23
13143,Haralson County,GA,13.27554945054945,1.4661765410739013e-23
13233,Polk County,GA,13.27554945054945,1.4661765410739013e-23
13189,Mcduffie County,GA,13.27554945054945,1.4661765410739013e-23
13081,Crisp County,GA,13.27554945054945,1.4661765410739013e-23
27163,Washington County,MN,13.269047619047619,1.4304381008560818e-06
13021,Bibb County,GA,13.089180672268908,3.0300246883229144e-06
13095,Dougherty County,GA,13.030357142857142,3.0300246883229144e-06
13109,Evans County,GA,12.967857142857142,1.4661765410739013e-23
13129,Gordon County,GA,12.967857142857142,1.4661765410739013e-23
13047,Catoosa County,GA,12.967857142857142,1.4661765410739013e-23
13045,Carroll County,GA,12.967857142857142,1.4661765410739013e-23
13175,Laurens County,GA,12.967857142857142,1.4661765410739013e-23
13023,Bleckley County,GA,12.967857142857142,1.4661765410739013e-23
13201,Miller County,GA,12.967857142857142,1.4661765410739013e-23
13317,Wilkes County,GA,12.967857142857142,1.4661765410739013e-23
13227,Pickens County,GA,12.967857142857142,1.4661765410739013e-23
13279,Toombs County,GA,12.967857142857142,1.4661765410739013e-23
13291,Union County,GA,12.967857142857142,1.4661765410739013e-23
13255,Spalding County,GA,12.967857142857142,1.4661765410739013e-23
13059,Clarke County,GA,12.889180672268907,3.0300246883229144e-06
47119,Maury County,TN,12.845238095238095,1.674824990683451e-05
5031,Craighead County,AR,12.811616569704805,1.4661765410739013e-23
5063,Independence County,AR,12.811616569704805,1.4661765410739013e-23
48203,Harrison County,TX,12.785714285714285,0.23980032800704032
13137,Habersham County,GA,12.767857142857142,1.4661765410739013e-23
5131,Sebastian County,AR,12.752793040293039,2.165050678160958e-08
5051,Garland County,AR,12.749116569704805,2.3407765303481057e-08
31111,Lincoln County,NE,12.710964035964036,1.4661765410739013e-23
31137,Phelps County,NE,12.710964035964036,1.4661765410739013e-23
5055,Greene County,AR,12.690293040293039,1.4661765410739013e-23
5107,Phillips County,AR,12.690293040293039,1.4661765410739013e-23
5009,Boone County,AR,12.690293040293039,1.4661765410739013e-23
13127,Glynn County,GA,12.642857142857142,1.4661765410739013e-23
13153,Houston County,GA,12.642857142857142,1.4661765410739013e-23
13161,Jeff Davis County,GA,12.642857142857142,1.4661765410739013e-23
31119,Madison County,NE,12.605396809073278,5.8858670713480885e-09
5005,Baxter County,AR,12.580847338935573,1.3790967326881705e-07
5067,Jackson County,AR,12.459523809523809,1.4661765410739013e-23
5115,Pope County,AR,12.459523809523809,1.4661765410739013e-23
5041,Desha County,AR,12.459523809523809,1.4661765410739013e-23
31127,Nemaha County,NE,12.42524975024975,5.8858670713480885e-09
31157,Scotts Bluff County,NE,12.413528138528138,1.5189693774117814e-08
47027,Clay County,TN,12.408333333333333,6.8274866936000815e-06
47049,Fentress County,TN,12.408333333333333,6.8274866936000815e-06
31101,Keith County,NE,12.358583083583083,1.4661765410739013e-23
31145,Red Willow County,NE,12.358583083583083,1.4661765410739013e-23
31053,Dodge County,NE,12.358583083583083,1.4661765410739013e-23
31185,York County,NE,12.358583083583083,1.4661765410739013e-23
47169,Trousdale County,TN,12.308333333333334,6.8274866936000815e-06
47141,Putnam County,TN,12.183333333333334,6.8274866936000815e-06
47011,Bradley County,TN,12.183333333333334,6.8274866936000815e-06
47185,White County,TN,12.183333333333334,6.8274866936000815e-06
5103,Ouachita County,AR,12.178571428571429,1.4460490174231127e-06
31029,Chase County,NE,12.15595238095238,1.5189693774117814e-08
18163,Vanderburgh County,IN,12.139560439560439,1.4661765410739013e-23
18143,Scott County,IN,12.139560439560439,1.4661765410739013e-23
31041,Custer County,NE,12.127813852813853,1.4661765410739013e-23
48331,Milam County,TX,12.0,0.22697162389752767
48481,Wharton County,TX,12.0,0.2563561708812306
18043,Floyd County,IN,11.985714285714286,5.751923353443767e-23
31083,Harlan County,NE,11.983583083583083,7.272615329834471e-08
31079,Hall County,NE,11.961147186147185,1.4661765410739013e-23
18109,Morgan County,IN,11.91904761904762,1.4661765410739013e-23
18177,Wayne County,IN,11.91904761904762,1.4661765410739013e-23
18167,Vigo County,IN,11.91904761904762,1.4661765410739013e-23
18149,Starke County,IN,11.91904761904762,1.4661765410739013e-23
18117,Orange County,IN,11.91904761904762,1.4661765410739013e-23
18041,Fayette County,IN,11.91904761904762,1.4661765410739013e-23
18095,Madison County,IN,11.91904761904762,1.4661765410739013e-23
18093,Lawrence County,IN,11.91904761904762,1.4661765410739013e-23
18083,Knox County,IN,11.91904761904762,1.3894842296946501e-22
18079,Jennings County,IN,11.91904761904762,1.4661765410739013e-23
18077,Jefferson County,IN,11.91904761904762,1.4661765410739013e-23
18067,Howard County,IN,11.91904761904762,1.4661765410739013e-23
18053,Grant County,IN,11.91904761904762,1.4661765410739013e-23
18045,Fountain County,IN,11.91904761904762,1.4661765410739013e-23
18019,Clark County,IN,11.91904761904762,1.4661765410739013e-23
18073,Jasper County,IN,11.91904761904762,1.4661765410739013e-23
31129,Nuckolls County,NE,11.870238095238095,1.4661765410739013e-23
47129,Morgan County,TN,11.833333333333334,1.4661765410739013e-23
18021,Clay County,IN,11.819047619047618,1.4661765410739013e-23
18107,Montgomery County,IN,11.819047619047618,1.4661765410739013e-23
18035,Delaware County,IN,11.819047619047618,1.4661765410739013e-23
18029,Dearborn County,IN,11.819047619047618,1.4661765410739013e-23
18065,Henry County,IN,11.819047619047618,1.4661765410739013e-23
18071,Jackson County,IN,11.819047619047618,1.4661765410739013e-23
18005,Bartholomew County,IN,11.819047619047618,1.4661765410739013e-23
18037,Dubois County,IN,11.819047619047618,1.4661765410739013e-23
13243,Randolph County,GA,11.715079365079365,2.596453070813394e-05
13133,Greene County,GA,11.715079365079365,2.596453070813394e-05
47147,Robertson County,TN,11.683333333333334,6.8274866936000815e-06
47113,Madison County,TN,11.683333333333334,6.8274866936000815e-06
42089,Monroe County,PA,11.654761904761905,6.907441881782788e-10
42007,Beaver County,PA,11.654761904761905,6.907441881782788e-10
42003,Allegheny County,PA,11.654761904761905,6.907441881782788e-10
13107,Emanuel County,GA,11.43452380952381,8.038140512853028e-05
42069,Lackawanna County,PA,11.403113553113553,1.4661765410739013e-23
42051,Fayette County,PA,11.403113553113553,6.393904741653565e-10
42049,Erie County,PA,11.326190476190476,1.4661765410739013e-23
42021,Cambria County,PA,11.326190476190476,1.4661765410739013e-23
42013,Blair County,PA,11.326190476190476,1.4661765410739013e-23
42023,Cameron County,PA,11.326190476190476,1.4661765410739013e-23
42039,Crawford County,PA,11.326190476190476,1.4661765410739013e-23
42047,Elk County,PA,11.326190476190476,1.4661765410739013e-23
42087,Mifflin County,PA,11.326190476190476,1.4661765410739013e-23
42085,Mercer County,PA,11.326190476190476,1.4661765410739013e-23
42083,Mckean County,PA,11.326190476190476,1.4661765410739013e-23
42079,Luzerne County,PA,11.326190476190476,1.4661765410739013e-23
42097,Northumberland County,PA,11.326190476190476,1.4661765410739013e-23
42073,Lawrence County,PA,11.326190476190476,1.4661765410739013e-23
5061,Howard County,AR,11.257142857142856,3.9312958310537894e-07
13061,Clay County,GA,11.183333333333334,2.596453070813394e-05
5145,White County,AR,11.007142857142856,3.9312958310537894e-07
5127,Scott County,AR,10.983333333333333,7.873872549092037e-07
17055,Franklin County,IL,10.920634920634921,1.6620382960311887e-14
17083,Jersey County,IL,10.920634920634921,1.6620382960311887e-14
27057,Hubbard County,MN,10.833333333333334,2.0585747924174446e-06
28035,Forrest County,MS,10.816241111829347,1.4661765410739013e-23
17081,Jefferson County,IL,10.70576923076923,1.4661765410739013e-23
17001,Adams County,IL,10.70576923076923,1.4661765410739013e-23
17165,Saline County,IL,10.70576923076923,1.4661765410739013e-23
17199,Williamson County,IL,10.70576923076923,1.4661765410739013e-23
17069,Hardin County,IL,10.70576923076923,1.4661765410739013e-23
17021,Christian County,IL,10.670634920634921,1.6620382960311887e-14
21189,Owsley County,KY,10.662637362637362,9.296990706313849e-09
28075,Lauderdale County,MS,10.662394957983192,8.169879853826806e-11
18027,Daviess County,IN,10.652380952380952,1.9450985949356033e-07
17135,Montgomery County,IL,10.639102564102563,1.4661765410739013e-23
17121,Marion County,IL,10.639102564102563,1.4661765410739013e-23
17181,Union County,IL,10.639102564102563,1.4661765410739013e-23
17137,Morgan County,IL,10.639102564102563,1.4661765410739013e-23
5139,Union County,AR,10.607142857142856,1.9770882737973085e-06
18123,Perry County,IN,10.594444444444445,3.558226227548742e-08
29113,Lincoln County,MO,10.583333333333334,4.563026326601396e-08
27091,Martin County,MN,10.557875457875458,1.4661765410739013e-23
27159,Wadena County,MN,10.557875457875458,1.4661765410739013e-23
27011,Big Stone County,MN,10.557875457875458,1.4661765410739013e-23
27117,Pipestone County,MN,10.557875457875458,1.4661765410739013e-23
28003,Alcorn County,MS,10.490750915750915,3.7594830319777675e-12
28091,Marion County,MS,10.490750915750915,1.4661765410739013e-23
18175,Washington County,IN,10.483333333333333,1.1141474462108377e-07
18183,Whitley County,IN,10.483333333333333,1.1141474462108377e-07
18049,Fulton County,IN,10.483333333333333,1.1141474462108377e-07
18009,Blackford County,IN,10.483333333333333,3.558226227548742e-08
18165,Vermillion County,IN,10.483333333333333,3.558226227548742e-08
27085,Mcleod County,MN,10.48095238095238,1.4661765410739013e-23
27001,Aitkin County,MN,10.48095238095238,1.4661765410739013e-23
27013,Blue Earth County,MN,10.48095238095238,1.4661765410739013e-23
27071,Koochiching County,MN,10.48095238095238,1.4661765410739013e-23
27015,Brown County,MN,10.48095238095238,1.4661765410739013e-23
27017,Carlton County,MN,10.48095238095238,1.4661765410739013e-23
27113,Pennington County,MN,10.48095238095238,1.4661765410739013e-23
27167,Wilkin County,MN,10.48095238095238,1.4661765410739013e-23
27061,Itasca County,MN,10.48095238095238,1.4661765410739013e-23
27095,Mille Lacs County,MN,10.48095238095238,1.4661765410739013e-23
27137,Saint Louis County,MN,10.48095238095238,1.4661765410739013e-23
27065,Kanabec County,MN,10.48095238095238,1.4661765410739013e-23
27029,Clearwater County,MN,10.48095238095238,1.4661765410739013e-23
27041,Douglas County,MN,10.48095238095238,1.4661765410739013e-23
27035,Crow Wing County,MN,10.48095238095238,1.4661765410739013e-23
17077,Jackson County,IL,10.475,1.5783019516020108e-14
13055,Chattooga County,GA,10.465079365079365,9.906707663541998e-05
27033,Cottonwood County,MN,10.457875457875456,7.456759084894212e-07
26117,Montcalm County,MI,10.416666666666666,6.193807200456113e-08
26101,Manistee County,MI,10.416666666666666,6.193807200456113e-08
17193,White County,IL,10.408333333333333,1.4661765410739013e-23
17183,Vermilion County,IL,10.408333333333333,1.4661765410739013e-23
17185,Wabash County,IL,10.408333333333333,1.4661765410739013e-23
17201,Winnebago County,IL,10.408333333333333,1.4661765410739013e-23
17159,Richland County,IL,10.408333333333333,1.4661765410739013e-23
17145,Perry County,IL,10.408333333333333,1.4661765410739013e-23
17167,Sangamon County,IL,10.408333333333333,1.5783019516020108e-14
17119,Madison County,IL,10.408333333333333,1.4661765410739013e-23
17101,Lawrence County,IL,10.408333333333333,1.4661765410739013e-23
17095,Knox County,IL,10.408333333333333,1.4661765410739013e-23
17029,Coles County,IL,10.408333333333333,1.4661765410739013e-23
17115,Macon County,IL,10.408333333333333,1.4661765410739013e-23
28081,Lee County,MS,10.395728291316527,8.29902056875757e-11
28067,Jones County,MS,10.395728291316527,1.2914071493223099e-12
27087,Mahnomen County,MN,10.38095238095238,1.4661765410739013e-23
27023,Chippewa County,MN,10.366666666666667,1.4594953855068176e-06
27097,Morrison County,MN,10.366666666666667,1.4594953855068176e-06
13293,Upson County,GA,10.36111111111111,8.619304643756453e-05
28141,Tishomingo County,MS,10.336904761904762,1.4661765410739013e-23
28099,Neshoba County,MS,10.336904761904762,1.4661765410739013e-23
28001,Adams County,MS,10.336904761904762,1.4661765410739013e-23
28039,George County,MS,10.336904761904762,1.4661765410739013e-23
28131,Stone County,MS,10.336904761904762,1.4661765410739013e-23
28059,Jackson County,MS,10.336904761904762,1.4661765410739013e-23
28153,Wayne County,MS,10.336904761904762,1.4661765410739013e-23
28057,Itawamba County,MS,10.336904761904762,1.4661765410739013e-23
28047,Harrison County,MS,10.336904761904762,1.4661765410739013e-23
28113,Pike County,MS,10.336904761904762,1.4661765410739013e-23
28109,Pearl River County,MS,10.336904761904762,1.4661765410739013e-23
28085,Lincoln County,MS,10.336904761904762,1.4661765410739013e-23
21177,Muhlenberg County,KY,10.310714285714285,9.296990706313849e-09
21225,Union County,KY,10.310714285714285,9.296990706313849e-09
21065,Estill County,KY,10.310714285714285,9.296990706313849e-09
21057,Cumberland County,KY,10.310714285714285,9.296990706313849e-09
17049,Effingham County,IL,10.308333333333334,1.4661765410739013e-23
17169,Schuyler County,IL,10.308333333333334,1.4661765410739013e-23
13111,Fannin County,GA,10.302380952380952,4.444566896364604e-05
48439,Tarrant County,TX,10.285714285714285,0.1651737724357269
27111,Otter Tail County,MN,10.166666666666666,1.4594953855068176e-06
55069,Lincoln County,WI,10.117857142857142,6.147413658744576e-10
55131,Washington County,WI,10.117857142857142,6.147413658744576e-10
55125,Vilas County,WI,10.117857142857142,6.147413658744576e-10
5057,Hempstead County,AR,10.1,1.0704944975988288e-06
19113,Linn County,IA,10.033333333333333,1.0287180222809782e-10
13215,Muscogee County,GA,10.0,4.9654728084794985e-05
26123,Newaygo County,MI,9.998412698412698,5.369252208537656e-08
8045,Garfield County,CO,9.976190476190476,1.4661765410739013e-23
8071,Las Animas County,CO,9.976190476190476,1.4661765410739013e-23
8077,Mesa County,CO,9.976190476190476,1.4661765410739013e-23
8081,Moffat County,CO,9.976190476190476,1.4661765410739013e-23
8085,Montrose County,CO,9.976190476190476,1.4661765410739013e-23
8089,Otero County,CO,9.976190476190476,1.4661765410739013e-23
8029,Delta County,CO,9.976190476190476,1.4661765410739013e-23
8003,Alamosa County,CO,9.976190476190476,1.4661765410739013e-23
8101,Pueblo County,CO,9.976190476190476,1.4661765410739013e-23
8015,Chaffee County,CO,9.976190476190476,1.4661765410739013e-23
13297,Walton County,GA,9.902380952380952,4.444566896364604e-05
21125,Laurel County,KY,9.9,9.296990706313849e-09
21031,Butler County,KY,9.9,9.296990706313849e-09
21217,Taylor County,KY,9.9,9.420851592079864e-09
8055,Huerfano County,CO,9.876190476190477,1.4395425611637818e-08
55087,Outagamie County,WI,9.85,6.147413658744576e-10
55139,Winnebago County,WI,9.85,6.147413658744576e-10
28043,Grenada County,MS,9.82408424908425,4.4756452442872004e-09
40071,Kay County,OK,9.766666666666666,4.919307623885905e-08
16069,Nez Perce County,ID,9.765674603174602,1.4661765410739013e-23
13015,Bartow County,GA,9.616666666666667,4.444566896364604e-05
13157,Jackson County,GA,9.616666666666667,6.277532400031824e-05
13009,Baldwin County,GA,9.583333333333334,8.619304643756453e-05
13285,Troup County,GA,9.583333333333334,8.619304643756453e-05
16061,Lewis County,ID,9.56031746031746,1.4661765410739013e-23
16007,Bear Lake County,ID,9.56031746031746,1.4661765410739013e-23
16031,Cassia County,ID,9.56031746031746,1.4661765410739013e-23
16085,Valley County,ID,9.56031746031746,1.4661765410739013e-23
40137,Stephens County,OK,9.55067155067155,1.4661765410739013e-23
40125,Pottawatomie County,OK,9.55067155067155,1.4661765410739013e-23
40101,Muskogee County,OK,9.55067155067155,1.4661765410739013e-23
40019,Carter County,OK,9.55067155067155,1.4661765410739013e-23
40013,Bryan County,OK,9.55067155067155,1.4661765410739013e-23
40121,Pittsburg County,OK,9.55067155067155,1.4661765410739013e-23
40143,Tulsa County,OK,9.53968253968254,4.129237316429045e-09
47103,Lincoln County,TN,9.5,1.4661765410739013e-23
47053,Gibson County,TN,9.5,6.8274866936000815e-06
27003,Anoka County,MN,9.483333333333333,2.61859503072862e-06
27067,Kandiyohi County,MN,9.480952380952381,2.61859503072862e-06
18091,La Porte County,IN,9.476190476190476,1.3937126333649698e-07
1019,Cherokee County,AL,9.404401154401155,1.094797949929447e-09
40153,Woodward County,OK,9.396825396825397,1.4661765410739013e-23
40131,Rogers County,OK,9.396825396825397,1.4661765410739013e-23
40035,Craig County,OK,9.396825396825397,1.4661765410739013e-23
40109,Oklahoma County,OK,9.396825396825397,1.4661765410739013e-23
40037,Creek County,OK,9.396825396825397,1.4661765410739013e-23
40039,Custer County,OK,9.396825396825397,1.4661765410739013e-23
40009,Beckham County,OK,9.396825396825397,1.4661765410739013e-23
5113,Polk County,AR,9.383333333333333,7.873872549092037e-07
27077,Lake Of The Woods County,MN,9.375,1.0957229564369284e-06
20071,Greeley County,KS,9.371329079417315,1.4661765410739013e-23
5027,Columbia County,AR,9.366666666666667,1.3871844192900433e-06
36115,Washington County,NY,9.36111111111111,5.3576614818911307e-14
36025,Delaware County,NY,9.36111111111111,5.3576614818911307e-14
21015,Boone County,KY,9.333333333333334,9.296990706313849e-09
8115,Sedgwick County,CO,9.333333333333334,9.548863588337962e-08
18137,Ripley County,IN,9.333333333333334,1.6010539367646662e-07
1017,Chambers County,AL,9.313492063492063,1.094797949929447e-09
1097,Mobile County,AL,9.313492063492063,1.094797949929447e-09
20151,Pratt County,KS,9.312505550005548,1.4661765410739013e-23
40065,Jackson County,OK,9.296825396825396,1.4661765410739013e-23
5011,Bradley County,AR,9.273809523809524,1.1805168380145828e-06
5033,Crawford County,AR,9.257142857142856,1.7803140023954224e-06
20129,Morton County,KS,9.250005550005548,1.4661765410739013e-23
20195,Trego County,KS,9.250005550005548,1.4661765410739013e-23
42105,Potter County,PA,9.25,8.148321844825312e-09
27007,Beltrami County,MN,9.25,1.0957229564369284e-06
19073,Greene County,IA,9.241017316017315,9.031555187417295e-11
19039,Clarke County,IA,9.241017316017315,9.031555187417295e-11
27151,Swift County,MN,9.233333333333333,2.8899334863628988e-06
42129,Westmoreland County,PA,9.216666666666667,4.119161546698137e-09
42117,Tioga County,PA,9.216666666666667,4.119161546698137e-09
1095,Marshall County,AL,9.215750915750915,1.4661765410739013e-23
1033,Colbert County,AL,9.215750915750915,1.4661765410739013e-23
1059,Franklin County,AL,9.215750915750915,1.4661765410739013e-23
1039,Covington County,AL,9.215750915750915,1.4661765410739013e-23
1127,Walker County,AL,9.215750915750915,1.4661765410739013e-23
1093,Marion County,AL,9.215750915750915,1.4661765410739013e-23
55091,Pepin County,WI,9.208333333333334,3.540451887505342e-08
20183,Smith County,KS,9.179172216672216,1.1639676907054625e-09
20001,Allen County,KS,9.170238095238094,2.1574684046904504e-08
12123,Taylor County,FL,9.16978021978022,1.4661765410739013e-23
12133,Washington County,FL,9.16978021978022,1.4661765410739013e-23
12005,Bay County,FL,9.16978021978022,1.4661765410739013e-23
13261,Sumter County,GA,9.166666666666666,0.00010012584138548221
51173,Smyth County,VA,9.144444444444444,1.0421482995052876e-13
55009,Brown County,WI,9.117857142857142,3.37908846708106e-08
20125,Montgomery County,KS,9.116672216672216,1.4661765410739013e-23
20009,Barton County,KS,9.116672216672216,1.4661765410739013e-23
20169,Saline County,KS,9.116672216672216,1.4661765410739013e-23
12093,Okeechobee County,FL,9.092857142857143,1.4661765410739013e-23
12101,Pasco County,FL,9.092857142857143,1.4661765410739013e-23
12107,Putnam County,FL,9.092857142857143,1.4661765410739013e-23
12113,Santa Rosa County,FL,9.092857142857143,1.4661765410739013e-23
12131,Walton County,FL,9.092857142857143,1.4661765410739013e-23
12091,Okaloosa County,FL,9.092857142857143,1.4661765410739013e-23
12089,Nassau County,FL,9.092857142857143,1.4661765410739013e-23
12087,Monroe County,FL,9.092857142857143,1.4661765410739013e-23
12003,Baker County,FL,9.092857142857143,1.4661765410739013e-23
12053,Hernando County,FL,9.092857142857143,1.4661765410739013e-23
12033,Escambia County,FL,9.092857142857143,1.4661765410739013e-23
12023,Columbia County,FL,9.092857142857143,1.4661765410739013e-23
12017,Citrus County,FL,9.092857142857143,1.4661765410739013e-23
12061,Indian River County,FL,9.092857142857143,1.4661765410739013e-23
55115,Shawano County,WI,9.083333333333334,6.147413658744576e-10
1069,Houston County,AL,9.061904761904762,2.080278542868938e-10
1015,Calhoun County,AL,9.061904761904762,1.4661765410739013e-23
1043,Cullman County,AL,9.061904761904762,1.4661765410739013e-23
29091,Howell County,MO,9.038827838827839,1.4661765410739013e-23
29097,Jasper County,MO,9.038827838827839,1.4661765410739013e-23
29023,Butler County,MO,9.038827838827839,1.4661765410739013e-23
29187,Saint Francois County,MO,9.038827838827839,1.4661765410739013e-23
29031,Cape Girardeau County,MO,9.020728291316527,8.40074122391944e-09
37165,Scotland County,NC,8.992857142857142,4.666150818601082e-09
1103,Morgan County,AL,8.978571428571428,1.4661765410739013e-23
29069,Dunklin County,MO,8.972161172161172,1.4661765410739013e-23
29083,Henry County,MO,8.972161172161172,1.4661765410739013e-23
29123,Madison County,MO,8.972161172161172,1.4661765410739013e-23
29127,Marion County,MO,8.972161172161172,1.0831316290045305e-10
29181,Ripley County,MO,8.972161172161172,1.4661765410739013e-23
29201,Scott County,MO,8.972161172161172,1.4661765410739013e-23
29229,Wright County,MO,8.972161172161172,1.4661765410739013e-23
36113,Warren County,NY,8.968803418803418,1.4661765410739013e-23
36057,Montgomery County,NY,8.968803418803418,1.4661765410739013e-23
36015,Chemung County,NY,8.968803418803418,1.4661765410739013e-23
12015,Charlotte County,FL,8.95,1.4661765410739013e-23
12127,Volusia County,FL,8.95,1.4661765410739013e-23
12103,Pinellas County,FL,8.95,1.4661765410739013e-23
12037,Franklin County,FL,8.95,6.019931354074202e-09
26069,Iosco County,MI,8.93525641025641,1.4661765410739013e-23
26129,Ogemaw County,MI,8.93525641025641,1.4661765410739013e-23
26137,Otsego County,MI,8.93525641025641,1.4661765410739013e-23
26143,Roscommon County,MI,8.93525641025641,1.4661765410739013e-23
27169,Winona County,MN,8.916666666666666,1.0957229564369284e-06
40027,Cleveland County,OK,8.9,1.4661765410739013e-23
29077,Greene County,MO,8.895238095238094,1.4661765410739013e-23
29117,Livingston County,MO,8.895238095238094,1.4661765410739013e-23
29105,Laclede County,MO,8.895238095238094,1.4661765410739013e-23
29213,Taney County,MO,8.895238095238094,1.4661765410739013e-23
29155,Pemiscot County,MO,8.895238095238094,1.4661765410739013e-23
29037,Cass County,MO,8.895238095238094,1.4661765410739013e-23
29021,Buchanan County,MO,8.895238095238094,1.4661765410739013e-23
29001,Adair County,MO,8.895238095238094,1.4661765410739013e-23
1001,Autauga County,AL,8.878571428571428,1.4661765410739013e-23
1113,Russell County,AL,8.878571428571428,1.4661765410739013e-23
1035,Conecuh County,AL,8.878571428571428,1.4661765410739013e-23
26007,Alpena County,MI,8.858333333333333,1.4661765410739013e-23
26025,Calhoun County,MI,8.858333333333333,1.4661765410739013e-23
26095,Luce County,MI,8.858333333333333,1.4661765410739013e-23
26031,Cheboygan County,MI,8.858333333333333,1.4661765410739013e-23
26035,Clare County,MI,8.858333333333333,1.4661765410739013e-23
26047,Emmet County,MI,8.858333333333333,1.0037670165813624e-22
26049,Genesee County,MI,8.858333333333333,1.4661765410739013e-23
26051,Gladwin County,MI,8.858333333333333,1.4661765410739013e-23
26055,Grand Traverse County,MI,8.858333333333333,1.4661765410739013e-23
26135,Oscoda County,MI,8.858333333333333,1.4661765410739013e-23
26079,Kalkaska County,MI,8.858333333333333,1.4661765410739013e-23
26121,Muskegon County,MI,8.858333333333333,1.4661765410739013e-23
26105,Mason County,MI,8.858333333333333,1.4661765410739013e-23
26165,Wexford County,MI,8.858333333333333,1.4661765410739013e-23
40057,Harmon County,OK,8.858008658008657,6.562273001735185e-08
21121,Knox County,KY,8.833333333333334,9.296990706313849e-09
13213,Murray County,GA,8.833333333333334,7.310254592728602e-05
20205,Wilson County,KS,8.832867540955776,1.832930647319758e-09
29029,Camden County,MO,8.805494505494504,1.2957125201668407e-08
13163,Jefferson County,GA,8.801190476190476,4.444566896364604e-05
13001,Appling County,GA,8.781746031746032,0.0001742093272375565
36103,Suffolk County,NY,8.75,5.3576614818911307e-14
17023,Clark County,IL,8.75,2.444378087003978e-13
29051,Cole County,MO,8.728571428571428,1.4661765410739013e-23
29161,Phelps County,MO,8.728571428571428,1.4661765410739013e-23
29167,Polk County,MO,8.728571428571428,1.4661765410739013e-23
5091,Miller County,AR,8.666666666666666,1.582252253407581e-06
36035,Fulton County,NY,8.661111111111111,1.4661765410739013e-23
36029,Erie County,NY,8.661111111111111,1.4661765410739013e-23
36063,Niagara County,NY,8.661111111111111,1.4661765410739013e-23
36039,Greene County,NY,8.661111111111111,1.4661765410739013e-23
36101,Steuben County,NY,8.661111111111111,1.4661765410739013e-23
36105,Sullivan County,NY,8.661111111111111,2.1090377460522333e-14
36013,Chautauqua County,NY,8.661111111111111,1.4661765410739013e-23
36009,Cattaraugus County,NY,8.661111111111111,1.4661765410739013e-23
36007,Broome County,NY,8.661111111111111,1.4661765410739013e-23
47143,Rhea County,TN,8.65952380952381,1.1057329127769668e-05
26039,Crawford County,MI,8.658333333333333,4.088188846797862e-08
1077,Lauderdale County,AL,8.641666666666666,8.049017092398374e-10
1055,Etowah County,AL,8.641666666666666,8.049017092398374e-10
42125,Washington County,PA,8.616666666666667,2.3974322330731314e-09
42127,Wayne County,PA,8.616666666666667,2.3974322330731314e-09
42131,Wyoming County,PA,8.616666666666667,2.3974322330731314e-09
42121,Venango County,PA,8.616666666666667,2.3974322330731314e-09
42081,Lycoming County,PA,8.616666666666667,2.3974322330731314e-09
27155,Traverse County,MN,8.6,2.519850320224854e-06
26017,Bay County,MI,8.583333333333334,1.040988994061952e-07
26021,Berrien County,MI,8.583333333333334,1.040988994061952e-07
26159,Van Buren County,MI,8.583333333333334,1.040988994061952e-07
26147,Saint Clair County,MI,8.583333333333334,1.040988994061952e-07
26011,Arenac County,MI,8.583333333333334,1.040988994061952e-07
26053,Gogebic County,MI,8.583333333333334,1.040988994061952e-07
20051,Ellis County,KS,8.578210678210677,1.4661765410739013e-23
20177,Shawnee County,KS,8.578210678210677,1.4661765410739013e-23
20037,Crawford County,KS,8.578210678210677,1.832930647319758e-09
20065,Graham County,KS,8.578210678210677,1.4661765410739013e-23
20173,Sedgwick County,KS,8.578210678210677,1.832930647319758e-09
20175,Seward County,KS,8.578210678210677,1.4661765410739013e-23
37025,Cabarrus County,NC,8.576190476190476,4.666150818601082e-09
1003,Baldwin County,AL,8.516666666666666,8.049017092398374e-10
5023,Cleburne County,AR,8.5,1.857881752508032e-06
5043,Drew County,AR,8.5,2.529245135793645e-06
27099,Mower County,MN,8.5,2.0585747924174446e-06
13027,Brooks County,GA,8.5,7.310254592728602e-05
29225,Webster County,MO,8.5,3.329276363849468e-08
20193,Thomas County,KS,8.487301587301587,1.4661765410739013e-23
20171,Scott County,KS,8.487301587301587,1.4661765410739013e-23
8107,Routt County,CO,8.476190476190476,1.79446111077166e-07
8009,Baca County,CO,8.476190476190476,6.801666531297949e-08
29033,Carroll County,MO,8.428571428571429,9.557043785327717e-11
29043,Christian County,MO,8.428571428571429,1.4661765410739013e-23
16021,Boundary County,ID,8.38888888888889,2.317609076179334e-09
8067,La Plata County,CO,8.376190476190477,8.395747519378656e-08
31093,Howard County,NE,8.35,6.2360625565705e-08
42065,Jefferson County,PA,8.326190476190476,2.3974322330731314e-09
22079,Rapides Parish,LA,8.313827838827839,1.4661765410739013e-23
29009,Barry County,MO,8.305494505494504,6.000380661349328e-08
26099,Macomb County,MI,8.25,1.040988994061952e-07
26145,Saginaw County,MI,8.25,1.040988994061952e-07
22039,Evangeline Parish,LA,8.247161172161173,1.4661765410739013e-23
22117,Washington Parish,LA,8.247161172161173,1.4661765410739013e-23
22097,St. Landry Parish,LA,8.247161172161173,1.4661765410739013e-23
18153,Sullivan County,IN,8.2,3.501988281627021e-07
20039,Decatur County,KS,8.187301587301587,1.4661765410739013e-23
22073,Ouachita Parish,LA,8.170238095238094,1.4661765410739013e-23
22009,Avoyelles Parish,LA,8.170238095238094,1.4661765410739013e-23
22105,Tangipahoa Parish,LA,8.170238095238094,1.4661765410739013e-23
22051,Jefferson Parish,LA,8.170238095238094,1.4661765410739013e-23
22019,Calcasieu Parish,LA,8.170238095238094,1.4661765410739013e-23
26013,Baraga County,MI,8.133333333333333,2.718737940880342e-07
36017,Chenango County,NY,8.116666666666667,1.4661765410739013e-23
36071,Orange County,NY,8.116666666666667,1.4661765410739013e-23
18101,Martin County,IN,8.094444444444445,1.7495352561198429e-07
47043,Dickson County,TN,8.086904761904762,1.1057329127769668e-05
47137,Pickett County,TN,8.086904761904762,1.1057329127769668e-05
20157,Republic County,KS,8.076190476190476,1.4661765410739013e-23
26075,Jackson County,MI,8.0,1.040988994061952e-07
48477,Washington County,TX,8.0,0.10696771144961785
48021,Bastrop County,TX,8.0,0.10696771144961785
29057,Dade County,MO,8.0,1.4661765410739013e-23
20005,Atchison County,KS,7.978210678210678,1.8026341390287052e-08
37121,Mitchell County,NC,7.938186813186812,1.4661765410739013e-23
37153,Richmond County,NC,7.938186813186812,1.4661765410739013e-23
37171,Surry County,NC,7.938186813186812,1.4661765410739013e-23
37047,Columbus County,NC,7.938186813186812,1.4661765410739013e-23
37039,Cherokee County,NC,7.938186813186812,1.4661765410739013e-23
37157,Rockingham County,NC,7.938186813186812,1.4661765410739013e-23
37013,Beaufort County,NC,7.938186813186812,1.4661765410739013e-23
29175,Randolph County,MO,7.932575757575758,5.4031662967397634e-08
8087,Morgan County,CO,7.916666666666667,8.395747519378656e-08
47065,Hamilton County,TN,7.916666666666666,1.1057329127769668e-05
19133,Monona County,IA,7.884676434676434,1.4661765410739013e-23
19057,Des Moines County,IA,7.884676434676434,1.4661765410739013e-23
19027,Carroll County,IA,7.884676434676434,1.4661765410739013e-23
19029,Cass County,IA,7.884676434676434,1.4661765410739013e-23
19111,Lee County,IA,7.884676434676434,1.4661765410739013e-23
19041,Clay County,IA,7.884676434676434,1.4661765410739013e-23
19007,Appanoose County,IA,7.884676434676434,1.4661765410739013e-23
19179,Wapello County,IA,7.884676434676434,1.4661765410739013e-23
19155,Pottawattamie County,IA,7.884676434676434,1.4661765410739013e-23
19137,Montgomery County,IA,7.884676434676434,1.4661765410739013e-23
12045,Gulf County,FL,7.7595238095238095,1.514041896323278e-08
46059,Hand County,SD,7.75,3.2024546528727404e-09
22017,Caddo Parish,LA,7.7369047619047615,1.4476584042026709e-10
29065,Dent County,MO,7.728571428571428,4.937025890970292e-08
16083,Twin Falls County,ID,7.726984126984126,3.5244634726086257e-09
19033,Cerro Gordo County,IA,7.706150793650793,1.3975428582365969e-11
22103,St. Tammany Parish,LA,7.670238095238095,1.4661765410739013e-23
22045,Iberia Parish,LA,7.670238095238095,1.4661765410739013e-23
22033,East Baton Rouge Parish,LA,7.670238095238095,1.4661765410739013e-23
22005,Ascension Parish,LA,7.670238095238095,1.4661765410739013e-23
22109,Terrebonne Parish,LA,7.670238095238095,1.4661765410739013e-23
22055,Lafayette Parish,LA,7.670238095238095,1.4661765410739013e-23
31147,Richardson County,NE,7.666666666666667,1.2108297797385982e-07
29071,Franklin County,MO,7.641666666666667,5.4031662967397634e-08
37045,Cleveland County,NC,7.620238095238094,1.5555244801076285e-10
37139,Pasquotank County,NC,7.616666666666666,4.242631849281742e-09
31131,Otoe County,NE,7.5777777777777775,1.2108297797385982e-07
19013,Black Hawk County,IA,7.576984126984127,1.4661765410739013e-23
19065,Fayette County,IA,7.576984126984127,1.4661765410739013e-23
19099,Jasper County,IA,7.576984126984127,1.4661765410739013e-23
19127,Marshall County,IA,7.576984126984127,1.4661765410739013e-23
19153,Polk County,IA,7.576984126984127,1.4661765410739013e-23
19163,Scott County,IA,7.576984126984127,1.4661765410739013e-23
19187,Webster County,IA,7.576984126984127,1.4661765410739013e-23
37055,Dare County,NC,7.553571428571428,1.4661765410739013e-23
37031,Carteret County,NC,7.553571428571428,1.4661765410739013e-23
37075,Graham County,NC,7.553571428571428,1.4661765410739013e-23
37083,Halifax County,NC,7.553571428571428,1.4661765410739013e-23
37091,Hertford County,NC,7.553571428571428,1.4661765410739013e-23
37023,Burke County,NC,7.553571428571428,1.4661765410739013e-23
37105,Lee County,NC,7.553571428571428,1.4661765410739013e-23
37113,Macon County,NC,7.553571428571428,1.4661765410739013e-23
37181,Vance County,NC,7.553571428571428,1.4661765410739013e-23
37035,Catawba County,NC,7.553571428571428,1.5555244801076285e-10
37071,Gaston County,NC,7.553571428571428,1.4661765410739013e-23
37049,Craven County,NC,7.553571428571428,1.4661765410739013e-23
37019,Brunswick County,NC,7.553571428571428,1.4661765410739013e-23
37027,Caldwell County,NC,7.553571428571428,1.4661765410739013e-23
37129,New Hanover County,NC,7.553571428571428,1.4661765410739013e-23
42033,Clearfield County,PA,7.55,1.710539513805953e-08
29157,Perry County,MO,7.55,3.820049068860307e-08
40087,Mcclain County,OK,7.516341991341991,5.4551279695705154e-08
5081,Little River County,AR,7.5,7.873872549092037e-07
21159,Martin County,KY,7.5,2.4932359711775255e-08
21043,Carter County,KY,7.5,5.413744290358738e-08
31057,Dundy County,NE,7.493722943722943,4.353900236802304e-08
18075,Jay County,IN,7.483333333333333,3.094173471495607e-07
12057,Hillsborough County,FL,7.45,1.514041896323278e-08
5093,Mississippi County,AR,7.428571428571429,2.174571674199247e-06
37193,Wilkes County,NC,7.428571428571428,1.4661765410739013e-23
37011,Avery County,NC,7.428571428571428,1.4661765410739013e-23
1013,Butler County,AL,7.366666666666666,2.3083423502440806e-09
8059,Jefferson County,CO,7.366666666666666,1.31282836903904e-07
22025,Catahoula Parish,LA,7.336904761904762,4.198410526675002e-10
19123,Mahaska County,IA,7.326984126984127,1.4471062037893026e-10
19185,Wayne County,IA,7.321428571428571,1.3975428582365969e-11
5135,Sharp County,AR,7.3,8.172266089351803e-07
20035,Cowley County,KS,7.278210678210678,1.9533188877345597e-08
46035,Davison County,SD,7.258333333333333,1.4661765410739013e-23
46065,Hughes County,SD,7.258333333333333,1.4661765410739013e-23
46103,Pennington County,SD,7.258333333333333,1.4661765410739013e-23
46081,Lawrence County,SD,7.258333333333333,1.4661765410739013e-23
40099,Murray County,OK,7.2555555555555555,4.815532451049844e-08
27037,Dakota County,MN,7.25,2.5552183419437455e-06
40115,Ottawa County,OK,7.230158730158729,6.102158303037318e-08
40141,Tillman County,OK,7.230158730158729,6.102158303037318e-08
29047,Clay County,MO,7.228571428571428,3.329276363849468e-08
37043,Clay County,NC,7.221212121212121,3.19015456267304e-09
40111,Okmulgee County,OK,7.20952380952381,5.4551279695705154e-08
20155,Reno County,KS,7.176190476190476,1.2076105486727082e-08
20015,Butler County,KS,7.176190476190476,1.2076105486727082e-08
20011,Bourbon County,KS,7.176190476190476,1.2076105486727082e-08
46029,Codington County,SD,7.175,1.4661765410739013e-23
26155,Shiawassee County,MI,7.166666666666667,3.418848696893411e-07
47115,Marion County,TN,7.166666666666666,1.1057329127769668e-05
55127,Walworth County,WI,7.116666666666666,3.3176143304936144e-08
22015,Bossier Parish,LA,7.116666666666666,1.4661765410739013e-23
51027,Buchanan County,VA,7.111111111111111,4.2133222054930965e-12
13253,Seminole County,GA,7.108882783882783,7.310254592728602e-05
28145,Union County,MS,7.0928571428571425,1.101438990817421e-09
28065,Jefferson Davis County,MS,7.0928571428571425,1.101438990817421e-09
28139,Tippah County,MS,7.0928571428571425,1.101438990817421e-09
28127,Simpson County,MS,7.0928571428571425,1.101438990817421e-09
28087,Lowndes County,MS,7.0928571428571425,1.101438990817421e-09
20141,Osborne County,KS,7.091666666666667,1.6905272167505688e-08
40047,Garfield County,OK,7.066666666666666,5.4551279695705154e-08
31001,Adams County,NE,7.061904761904762,4.353900236802304e-08
46015,Brule County,SD,7.058333333333333,5.015864290556657e-10
40021,Cherokee County,OK,7.033333333333333,4.815532451049844e-08
48103,Crane County,TX,7.0,0.10696771144961785
48159,Franklin County,TX,7.0,0.10696771144961785
29199,Scotland County,MO,7.0,5.4790323536961175e-08
48367,Parker County,TX,7.0,0.10696771144961785
5065,Izard County,AR,7.0,1.0704944975988288e-06
48389,Reeves County,TX,7.0,0.10696771144961785
18139,Rush County,IN,7.0,3.3388112283005726e-07
5071,Johnson County,AR,7.0,7.873872549092037e-07
48025,Bee County,TX,7.0,0.10696771144961785
51169,Scott County,VA,6.991103749191984,1.4661765410739013e-23
51840,Winchester city,VA,6.991103749191984,1.4661765410739013e-23
51595,Emporia city,VA,6.991103749191984,1.4661765410739013e-23
51630,Fredericksburg city,VA,6.991103749191984,1.4661765410739013e-23
51690,Martinsville city,VA,6.991103749191984,1.4661765410739013e-23
51720,Norton city,VA,6.991103749191984,1.4661765410739013e-23
51775,Salem city,VA,6.991103749191984,1.4661765410739013e-23
20099,Labette County,KS,6.978210678210678,3.8647996377200145e-08
49007,Carbon County,UT,6.962301587301587,1.4661765410739013e-23
49019,Grand County,UT,6.962301587301587,1.4661765410739013e-23
49015,Emery County,UT,6.962301587301587,1.4661765410739013e-23
49041,Sevier County,UT,6.962301587301587,1.4661765410739013e-23
12059,Holmes County,FL,6.95,7.792594989940374e-09
13147,Hart County,GA,6.95,0.00010649741905550413
12007,Bradford County,FL,6.95,7.792594989940374e-09
12009,Brevard County,FL,6.95,7.792594989940374e-09
12075,Levy County,FL,6.95,7.792594989940374e-09
51678,Lexington city,VA,6.932280219780219,1.4661765410739013e-23
19193,Woodbury County,IA,6.916666666666667,1.2705417494520722e-10
19059,Dickinson County,IA,6.916666666666667,1.2705417494520722e-10
19087,Henry County,IA,6.916666666666667,1.2705417494520722e-10
31141,Platte County,NE,6.892857142857142,5.0304799019404246e-08
51640,Galax city,VA,6.869780219780219,2.5664477716099745e-14
45057,Lancaster County,SC,6.85,2.917202591223374e-20
47077,Henderson County,TN,6.85,2.1459515465085284e-05
37125,Moore County,NC,6.843589743589743,3.345707010683787e-09
22101,St. Mary Parish,LA,6.836904761904762,6.706334273141989e-10
42005,Armstrong County,PA,6.833333333333333,7.457577656647048e-09
42041,Cumberland County,PA,6.833333333333333,1.1295394108369597e-08
42107,Schuylkill County,PA,6.833333333333333,7.457577656647048e-09
42045,Delaware County,PA,6.833333333333333,7.457577656647048e-09
35017,Grant County,NM,6.819047619047619,1.1289559366269043e-21
35037,Quay County,NM,6.819047619047619,1.1289559366269043e-21
51580,Covington city,VA,6.789423076923076,9.08454010487352e-14
19071,Fremont County,IA,6.776190476190476,1.0356253056231847e-10
19197,Wright County,IA,6.776190476190476,1.0356253056231847e-10
55097,Portage County,WI,6.766666666666667,3.93560063132328e-08
37127,Nash County,NC,6.766666666666667,3.19015456267304e-09
30053,Lincoln County,MT,6.757081807081807,1.4661765410739013e-23
30017,Custer County,MT,6.757081807081807,1.4661765410739013e-23
19093,Ida County,IA,6.754761904761904,1.4661765410739013e-23
51051,Dickenson County,VA,6.726923076923076,1.4661765410739013e-23
51195,Wise County,VA,6.726923076923076,1.4661765410739013e-23
51570,Colonial Heights city,VA,6.726923076923076,1.4661765410739013e-23
51520,Bristol city,VA,6.726923076923076,1.4661765410739013e-23
51590,Danville city,VA,6.726923076923076,1.4661765410739013e-23
51790,Staunton city,VA,6.726923076923076,1.4661765410739013e-23
51105,Lee County,VA,6.726923076923076,1.4661765410739013e-23
51620,Franklin city,VA,6.726923076923076,1.4661765410739013e-23
51670,Hopewell city,VA,6.726923076923076,1.4661765410739013e-23
51820,Waynesboro city,VA,6.726923076923076,1.4661765410739013e-23
51185,Tazewell County,VA,6.726923076923076,1.4661765410739013e-23
51680,Lynchburg city,VA,6.708823529411764,1.2332876724821072e-13
30013,Cascade County,MT,6.68015873015873,1.4661765410739013e-23
30021,Dawson County,MT,6.68015873015873,1.4661765410739013e-23
30111,Yellowstone County,MT,6.68015873015873,1.4661765410739013e-23
30093,Silver Bow County,MT,6.68015873015873,1.4661765410739013e-23
30049,Lewis And Clark County,MT,6.68015873015873,1.4661765410739013e-23
30029,Flathead County,MT,6.68015873015873,1.4661765410739013e-23
30023,Deer Lodge County,MT,6.68015873015873,6.02190970213258e-12
40017,Canadian County,OK,6.666666666666667,4.815532451049844e-08
19139,Muscatine County,IA,6.666666666666667,1.2705417494520722e-10
29007,Audrain County,MO,6.666666666666667,5.4031662967397634e-08
40117,Pawnee County,OK,6.666666666666667,4.815532451049844e-08
40041,Delaware County,OK,6.666666666666667,5.4551279695705154e-08
13097,Douglas County,GA,6.666666666666666,0.00011754821489093211
46073,Jerauld County,SD,6.666666666666666,5.015864290556657e-10
51167,Russell County,VA,6.6499999999999995,1.4661765410739013e-23
51770,Roanoke city,VA,6.6499999999999995,1.4661765410739013e-23
51750,Radford city,VA,6.6499999999999995,1.4661765410739013e-23
51071,Giles County,VA,6.6499999999999995,1.4661765410739013e-23
51660,Harrisonburg city,VA,6.6499999999999995,1.4661765410739013e-23
51683,Manassas city,VA,6.6499999999999995,1.4661765410739013e-23
51095,James City County,VA,6.6499999999999995,1.4661765410739013e-23
51191,Washington County,VA,6.6499999999999995,1.4661765410739013e-23
51155,Pulaski County,VA,6.6499999999999995,1.4661765410739013e-23
51131,Northampton County,VA,6.6499999999999995,1.4661765410739013e-23
51103,Lancaster County,VA,6.6499999999999995,1.4661765410739013e-23
49027,Millard County,UT,6.626190476190476,1.4661765410739013e-23
39003,Allen County,OH,6.625,1.4661765410739013e-23
39059,Guernsey County,OH,6.625,1.4661765410739013e-23
39131,Pike County,OH,6.625,1.4661765410739013e-23
39119,Muskingum County,OH,6.625,1.4661765410739013e-23
39113,Montgomery County,OH,6.625,1.4661765410739013e-23
39101,Marion County,OH,6.625,1.4661765410739013e-23
39099,Mahoning County,OH,6.625,1.4661765410739013e-23
39087,Lawrence County,OH,6.625,1.4661765410739013e-23
39081,Jefferson County,OH,6.625,1.4661765410739013e-23
39079,Jackson County,OH,6.625,1.4661765410739013e-23
39077,Huron County,OH,6.625,1.4661765410739013e-23
39071,Highland County,OH,6.625,1.4661765410739013e-23
39049,Franklin County,OH,6.625,1.4661765410739013e-23
39053,Gallia County,OH,6.625,1.4661765410739013e-23
39009,Athens County,OH,6.625,1.4661765410739013e-23
39047,Fayette County,OH,6.625,1.4661765410739013e-23
39033,Crawford County,OH,6.625,1.4661765410739013e-23
39027,Clinton County,OH,6.625,1.4661765410739013e-23
39025,Clermont County,OH,6.625,1.4661765410739013e-23
39023,Clark County,OH,6.625,1.4661765410739013e-23
39017,Butler County,OH,6.625,1.4661765410739013e-23
39015,Brown County,OH,6.625,1.4661765410739013e-23
39013,Belmont County,OH,6.625,1.4661765410739013e-23
39043,Erie County,OH,6.625,1.4661765410739013e-23
39095,Lucas County,OH,6.625,1.4661765410739013e-23
39151,Stark County,OH,6.625,1.4661765410739013e-23
39167,Washington County,OH,6.625,1.4661765410739013e-23
39141,Ross County,OH,6.625,1.4661765410739013e-23
39145,Scioto County,OH,6.625,1.4661765410739013e-23
39155,Trumbull County,OH,6.625,1.4661765410739013e-23
46067,Hutchinson County,SD,6.591666666666667,1.5985736497672158e-09
35061,Valencia County,NM,6.583333333333333,2.118625101851789e-20
35055,Taos County,NM,6.583333333333333,2.118625101851789e-20
12083,Marion County,FL,6.583333333333333,7.792594989940374e-09
46107,Potter County,SD,6.516666666666667,1.4661765410739013e-23
46123,Tripp County,SD,6.508333333333333,9.99163296782e-10
20059,Franklin County,KS,6.508333333333333,1.6905272167505688e-08
27107,Norman County,MN,6.5,3.6155732766617832e-06
48471,Walker County,TX,6.5,0.20187106848947792
39001,Adams County,OH,6.5,1.4661765410739013e-23
39105,Meigs County,OH,6.5,1.4661765410739013e-23
39129,Pickaway County,OH,6.5,1.4661765410739013e-23
39139,Richland County,OH,6.5,1.4661765410739013e-23
51011,Appomattox County,VA,6.458333333333333,9.74222296398242e-14
51197,Wythe County,VA,6.458333333333333,9.74222296398242e-14
51730,Petersburg city,VA,6.458333333333333,9.74222296398242e-14
30063,Missoula County,MT,6.38015873015873,1.4661765410739013e-23
55135,Waupaca County,WI,6.359523809523809,2.3423781486366277e-08
54045,Logan County,WV,6.3383699633699635,1.4661765410739013e-23
51147,Prince Edward County,VA,6.333333333333333,9.74222296398242e-14
48357,Ochiltree County,TX,6.285714285714285,0.2721414838853447
40029,Coal County,OK,6.266666666666667,2.9381301141513358e-08
55117,Sheboygan County,WI,6.2595238095238095,2.3423781486366277e-08
55075,Marinette County,WI,6.2595238095238095,2.3423781486366277e-08
55023,Crawford County,WI,6.2595238095238095,2.3423781486366277e-08
55035,Eau Claire County,WI,6.2595238095238095,2.3423781486366277e-08
55055,Jefferson County,WI,6.2595238095238095,2.3423781486366277e-08
17127,Massac County,IL,6.25,2.448504291344535e-13
35049,Santa Fe County,NM,6.25,1.4661765410739013e-23
35039,Rio Arriba County,NM,6.25,1.4661765410739013e-23
27027,Clay County,MN,6.25,1.5382220244478204e-06
27119,Polk County,MN,6.25,1.5382220244478204e-06
35005,Chaves County,NM,6.25,1.4661765410739013e-23
35027,Lincoln County,NM,6.25,1.4661765410739013e-23
40123,Pontotoc County,OK,6.230158730158729,6.562273001735185e-08
37087,Haywood County,NC,6.220238095238095,2.6073320032246873e-09
54067,Nicholas County,WV,6.184523809523809,1.4661765410739013e-23
54081,Raleigh County,WV,6.184523809523809,1.4661765410739013e-23
54083,Randolph County,WV,6.184523809523809,1.4661765410739013e-23
54047,Mcdowell County,WV,6.184523809523809,1.4661765410739013e-23
54041,Lewis County,WV,6.184523809523809,1.4661765410739013e-23
54039,Kanawha County,WV,6.184523809523809,1.4661765410739013e-23
54059,Mingo County,WV,6.184523809523809,1.4661765410739013e-23
54011,Cabell County,WV,6.184523809523809,3.6090499472588347e-23
54051,Marshall County,WV,6.184523809523809,1.4661765410739013e-23
54053,Mason County,WV,6.184523809523809,1.4661765410739013e-23
54033,Harrison County,WV,6.184523809523809,1.4661765410739013e-23
54055,Mercer County,WV,6.184523809523809,1.4661765410739013e-23
54109,Wyoming County,WV,6.184523809523809,1.4661765410739013e-23
54029,Hancock County,WV,6.184523809523809,1.4661765410739013e-23
54005,Boone County,WV,6.184523809523809,1.4661765410739013e-23
54025,Greenbrier County,WV,6.184523809523809,1.4661765410739013e-23
54107,Wood County,WV,6.184523809523809,1.4661765410739013e-23
22053,Jefferson Davis Parish,LA,6.181746031746031,4.108999443984561e-10
22087,St. Bernard Parish,LA,6.181746031746031,4.108999443984561e-10
28159,Winston County,MS,6.142857142857142,3.8516788198184035e-09
22063,Livingston Parish,LA,6.1,6.895449764568229e-10
29217,Vernon County,MO,6.1,4.937025890970292e-08
48073,Cherokee County,TX,6.0,0.10696771144961785
18151,Steuben County,IN,6.0,1.3937126333649698e-07
5085,Lonoke County,AR,6.0,1.8395530711156912e-06
27147,Steele County,MN,6.0,1.5382220244478204e-06
5019,Clark County,AR,6.0,1.8395530711156912e-06
27005,Becker County,MN,6.0,1.5382220244478204e-06
26029,Charlevoix County,MI,6.0,1.040988994061952e-07
51047,Culpeper County,VA,6.0,2.922112497214836e-12
51610,Falls Church city,VA,6.0,2.922112497214836e-12
16041,Franklin County,ID,6.0,1.4661765410739013e-23
48421,Sherman County,TX,6.0,0.10696771144961785
51137,Orange County,VA,6.0,2.922112497214836e-12
48475,Ward County,TX,6.0,0.10696771144961785
31099,Kearney County,NE,6.0,5.698016937303253e-08
19151,Pocahontas County,IA,6.0,1.0287180222809782e-10
40147,Washington County,OK,5.996825396825397,4.0354356081026424e-08
20007,Barber County,KS,5.95,1.6905272167505688e-08
49039,Sanpete County,UT,5.861111111111111,2.1857505748620662e-11
42019,Butler County,PA,5.833333333333333,7.457577656647048e-09
37199,Yancey County,NC,5.791666666666667,6.261822460830544e-09
1053,Escambia County,AL,5.770634920634921,1.3287052551765693e-09
1025,Clarke County,AL,5.770634920634921,1.3287052551765693e-09
46129,Walworth County,SD,5.7634920634920634,1.5985736497672158e-09
54019,Fayette County,WV,5.75,1.4661765410739013e-23
8061,Kiowa County,CO,5.677777777777778,7.983451517850272e-08
8083,Montezuma County,CO,5.677777777777778,7.983451517850272e-08
8119,Teller County,CO,5.677777777777778,7.983451517850272e-08
8099,Prowers County,CO,5.677777777777778,7.983451517850272e-08
21007,Ballard County,KY,5.666666666666667,7.367158662966484e-08
53015,Cowlitz County,WA,5.626190476190476,1.4661765410739013e-23
53063,Spokane County,WA,5.626190476190476,1.4661765410739013e-23
53007,Chelan County,WA,5.626190476190476,1.4661765410739013e-23
53027,Grays Harbor County,WA,5.626190476190476,1.4661765410739013e-23
53009,Clallam County,WA,5.626190476190476,1.4661765410739013e-23
53041,Lewis County,WA,5.626190476190476,1.4661765410739013e-23
53005,Benton County,WA,5.626190476190476,1.4661765410739013e-23
53051,Pend Oreille County,WA,5.626190476190476,1.4661765410739013e-23
53003,Asotin County,WA,5.626190476190476,1.4661765410739013e-23
46055,Haakon County,SD,5.593589743589743,1.165550438136567e-09
31135,Perkins County,NE,5.583333333333333,1.737218951193154e-08
16079,Shoshone County,ID,5.566666666666666,1.3252114816748668e-09
16045,Gem County,ID,5.566666666666666,1.3252114816748668e-09
16055,Kootenai County,ID,5.566666666666666,1.3252114816748668e-09
8117,Summit County,CO,5.566666666666666,7.983451517850272e-08
29079,Grundy County,MO,5.561904761904762,3.329276363849468e-08
37167,Stanly County,NC,5.553571428571428,3.19015456267304e-09
29221,Washington County,MO,5.55,7.149325432709767e-08
17099,LaSalle County,IL,5.533333333333333,6.255712642433142e-13
46053,Gregory County,SD,5.516666666666667,1.165550438136567e-09
1133,Winston County,AL,5.513888888888888,2.6435537844384273e-09
54035,Jackson County,WV,5.5095238095238095,5.5004176852441795e-21
54103,Wetzel County,WV,5.5095238095238095,5.5004176852441795e-21
54009,Brooke County,WV,5.5095238095238095,5.5004176852441795e-21
42101,Philadelphia County,PA,5.5,1.1295394108369597e-08
42017,Bucks County,PA,5.5,1.1295394108369597e-08
49051,Wasatch County,UT,5.5,1.4661765410739013e-23
27149,Stevens County,MN,5.5,1.4661765410739013e-23
29159,Pettis County,MO,5.5,4.937025890970292e-08
29209,Stone County,MO,5.5,4.937025890970292e-08
17133,Monroe County,IL,5.5,2.2781742575474764e-13
31095,Jefferson County,NE,5.461904761904762,4.53197958702431e-08
38001,Adams County,ND,5.46025641025641,1.4661765410739013e-23
38071,Ramsey County,ND,5.46025641025641,1.4661765410739013e-23
1121,Talladega County,AL,5.45952380952381,1.3287052551765693e-09
40119,Payne County,OK,5.458333333333333,8.954743231988544e-08
30027,Fergus County,MT,5.411111111111111,4.892239199860599e-10
55005,Barron County,WI,5.408333333333333,2.6462864151261052e-08
55113,Sawyer County,WI,5.408333333333333,2.6462864151261052e-08
30041,Hill County,MT,5.391666666666667,2.8612906474067375e-10
53057,Skagit County,WA,5.376190476190476,2.400503362791849e-13
49053,Washington County,UT,5.362301587301587,3.715472462148455e-11
31069,Garden County,NE,5.352056277056277,9.821915350366502e-08
17091,Kankakee County,IL,5.333333333333333,6.255712642433142e-13
31033,Cheyenne County,NE,5.333333333333333,8.885879823826612e-08
19079,Hamilton County,IA,5.333333333333333,2.2586638359109218e-10
19125,Marion County,IA,5.333333333333333,2.2586638359109218e-10
20057,Ford County,KS,5.333333333333333,1.4661765410739013e-23
38105,Williams County,ND,5.316666666666666,1.4661765410739013e-23
38093,Stutsman County,ND,5.316666666666666,1.4661765410739013e-23
38089,Stark County,ND,5.316666666666666,1.4661765410739013e-23
38073,Ransom County,ND,5.316666666666666,1.4661765410739013e-23
38015,Burleigh County,ND,5.316666666666666,2.439836348470277e-16
38003,Barnes County,ND,5.316666666666666,1.4661765410739013e-23
1073,Jefferson County,AL,5.316666666666666,1.5367331094634478e-09
41015,Curry County,OR,5.310714285714285,1.4661765410739013e-23
41029,Jackson County,OR,5.310714285714285,1.4661765410739013e-23
41019,Douglas County,OR,5.310714285714285,1.4661765410739013e-23
41033,Josephine County,OR,5.310714285714285,1.4661765410739013e-23
41065,Wasco County,OR,5.310714285714285,1.4661765410739013e-23
41001,Baker County,OR,5.310714285714285,1.4661765410739013e-23
41041,Lincoln County,OR,5.310714285714285,1.4661765410739013e-23
41011,Coos County,OR,5.310714285714285,1.4661765410739013e-23
41007,Clatsop County,OR,5.310714285714285,1.4661765410739013e-23
20023,Cheyenne County,KS,5.2960428460428455,2.3432007881869467e-08
12019,Clay County,FL,5.283333333333333,1.2260376986735098e-08
55081,Monroe County,WI,5.283333333333333,2.6462864151261052e-08
12031,Duval County,FL,5.283333333333333,1.2260376986735098e-08
37109,Lincoln County,NC,5.25,3.750909171181792e-09
37175,Transylvania County,NC,5.25,3.750909171181792e-09
53061,Snohomish County,WA,5.233333333333333,1.4661765410739013e-23
38069,Pierce County,ND,5.216666666666667,1.4661765410739013e-23
17047,Edwards County,IL,5.2,2.9714024401916976e-12
38035,Grand Forks County,ND,5.2,1.7755012635441713e-16
19003,Adams County,IA,5.183333333333334,1.4661765410739013e-23
18169,Wabash County,IN,5.166666666666667,1.9800260252847676e-07
36083,Rensselaer County,NY,5.166666666666667,3.573509389574941e-13
18081,Johnson County,IN,5.166666666666667,1.9800260252847676e-07
18125,Pike County,IN,5.166666666666667,1.9800260252847676e-07
40085,Love County,OK,5.153846153846154,5.3322313555288095e-08
31067,Gage County,NE,5.128571428571428,1.0051917174105552e-07
36003,Allegany County,NY,5.116666666666666,8.581604924929027e-14
12081,Manatee County,FL,5.083333333333333,1.2260376986735098e-08
12115,Sarasota County,FL,5.083333333333333,1.2260376986735098e-08
31071,Garfield County,NE,5.083333333333333,2.1460169426690825e-08
38051,Mcintosh County,ND,5.05,1.4661765410739013e-23
17045,Edgar County,IL,5.041666666666667,1.6326676261252907e-13
17179,Tazewell County,IL,5.041666666666667,1.6326676261252907e-13
1099,Monroe County,AL,5.016666666666667,4.4007239710557655e-09
36117,Wayne County,NY,5.0,8.697559539156984e-13
46051,Grant County,SD,5.0,1.165550438136567e-09
29219,Warren County,MO,5.0,3.329276363849468e-08
1031,Coffee County,AL,5.0,2.6435537844384273e-09
27131,Rice County,MN,5.0,3.902866720990161e-06
51067,Franklin County,VA,5.0,1.5387905300945584e-12
51187,Warren County,VA,5.0,1.5387905300945584e-12
51735,Poquoson city,VA,5.0,1.5387905300945584e-12
47095,Lake County,TN,5.0,2.0990001908746335e-05
45011,Barnwell County,SC,4.95,1.546816250832965e-21
45077,Pickens County,SC,4.95,1.546816250832965e-21
17191,Wayne County,IL,4.916666666666667,1.6326676261252907e-13
17025,Clay County,IL,4.916666666666667,1.6326676261252907e-13
17107,Logan County,IL,4.916666666666667,1.6326676261252907e-13
53047,Okanogan County,WA,4.9,1.4661765410739013e-23
37155,Robeson County,NC,4.886904761904761,4.242631849281742e-09
19175,Union County,IA,4.884676434676434,9.031555187417295e-11
28149,Warren County,MS,4.85,2.7697452942983644e-09
28007,Attala County,MS,4.85,2.7697452942983644e-09
21101,Henderson County,KY,4.8428571428571425,4.027749547297913e-08
41025,Harney County,OR,4.8428571428571425,1.8865016286749304e-11
30067,Park County,MT,4.833333333333333,1.4661765410739013e-23
29015,Benton County,MO,4.8151515151515145,8.757074959830594e-08
41057,Tillamook County,OR,4.809523809523809,1.606150750947649e-11
28137,Tate County,MS,4.783333333333333,4.4756452442872004e-09
36111,Ulster County,NY,4.779761904761904,8.581604924929027e-14
49025,Kane County,UT,4.778968253968253,1.8112845481598857e-11
16029,Caribou County,ID,4.766666666666667,1.0905835417498779e-09
47123,Monroe County,TN,4.75,1.0402186337315611e-05
35015,Eddy County,NM,4.733333333333333,4.051905603068603e-12
35047,San Miguel County,NM,4.733333333333333,4.051905603068603e-12
35051,Sierra County,NM,4.733333333333333,4.051905603068603e-12
46047,Fall River County,SD,4.708333333333333,9.99163296782e-10
19135,Monroe County,IA,4.706150793650793,1.0429098045652432e-10
19101,Jefferson County,IA,4.701343101343101,1.2705417494520722e-10
28107,Panola County,MS,4.683333333333334,2.7697452942983644e-09
19159,Ringgold County,IA,4.6722222222222225,3.3388032739788714e-10
31019,Buffalo County,NE,4.632692307692308,1.805582569417585e-07
51740,Portsmouth city,VA,4.625,3.01953472684e-12
27081,Lincoln County,MN,4.625,3.46036765297927e-06
19067,Floyd County,IA,4.576984126984127,9.031555187417295e-11
19045,Clinton County,IA,4.576984126984127,9.031555187417295e-11
16035,Clearwater County,ID,4.566666666666666,2.3285283008902266e-09
39073,Hocking County,OH,4.5095238095238095,9.486162220748132e-21
39091,Logan County,OH,4.5095238095238095,9.486162220748132e-21
22121,West Baton Rouge Parish,LA,4.5,1.1146045948876734e-09
16009,Benewah County,ID,4.5,2.6395037386388267e-09
31133,Pawnee County,NE,4.5,4.53197958702431e-08
31045,Dawes County,NE,4.5,4.53197958702431e-08
30105,Valley County,MT,4.5,1.4661765410739013e-23
18145,Shelby County,IN,4.5,1.9800260252847676e-07
47089,Jefferson County,TN,4.5,1.5210750990021016e-05
47067,Hancock County,TN,4.5,1.0402186337315611e-05
55025,Dane County,WI,4.5,2.6462864151261052e-08
48227,Howard County,TX,4.5,0.07834751416566979
27145,Stearns County,MN,4.458333333333333,2.633944980884749e-06
40089,Mccurtain County,OK,4.4,9.49056357767315e-08
30099,Teton County,MT,4.366666666666666,3.087198418330935e-10
21059,Daviess County,KY,4.366666666666666,4.027749547297913e-08
21081,Grant County,KY,4.366666666666666,4.027749547297913e-08
39061,Hamilton County,OH,4.366666666666666,9.486162220748132e-21
39153,Summit County,OH,4.366666666666666,9.486162220748132e-21
35053,Socorro County,NM,4.333333333333333,1.1112229809477374e-11
35001,Bernalillo County,NM,4.333333333333333,4.051905603068603e-12
26163,Wayne County,MI,4.333333333333333,2.181812720026577e-07
26115,Monroe County,MI,4.333333333333333,2.181812720026577e-07
30091,Sheridan County,MT,4.333333333333333,2.8612906474067375e-10
18031,Decatur County,IN,4.333333333333333,2.300921217690476e-07
19061,Dubuque County,IA,4.333333333333333,1.07176386845399e-09
38021,Dickey County,ND,4.311111111111111,2.445610956089521e-15
24001,Allegany County,MD,4.298351648351648,1.4661765410739013e-23
24043,Washington County,MD,4.298351648351648,1.4661765410739013e-23
30089,Sanders County,MT,4.291666666666666,5.760141990817904e-10
1091,Marengo County,AL,4.285714285714286,2.213158666192323e-09
29081,Harrison County,MO,4.226190476190476,6.000380661349328e-08
55067,Langlade County,WI,4.226190476190476,3.874126494735835e-08
24029,Kent County,MD,4.2214285714285715,5.751923353443767e-23
36021,Columbia County,NY,4.208333333333333,2.537994990058236e-13
21157,Marshall County,KY,4.166666666666667,4.027749547297913e-08
21073,Franklin County,KY,4.166666666666667,4.027749547297913e-08
1071,Jackson County,AL,4.166666666666667,2.9101643233661445e-09
48023,Baylor County,TX,4.157142857142856,0.09490335703986025
31013,Box Butte County,NE,4.15,7.235407287593948e-08
24047,Worcester County,MD,4.15,1.4661765410739013e-23
24015,Cecil County,MD,4.15,1.4661765410739013e-23
22003,Allen Parish,LA,4.125,3.6388204097509677e-10
42093,Montour County,PA,4.125,2.2489078656241435e-08
55071,Manitowoc County,WI,4.083333333333333,3.874126494735835e-08
36027,Dutchess County,NY,4.083333333333333,8.581604924929027e-14
36037,Genesee County,NY,4.083333333333333,8.581604924929027e-14
36093,Schenectady County,NY,4.083333333333333,8.581604924929027e-14
6093,Siskiyou County,CA,4.05,1.4661765410739013e-23
6063,Plumas County,CA,4.05,1.4661765410739013e-23
6105,Trinity County,CA,4.05,1.4661765410739013e-23
6099,Stanislaus County,CA,4.05,1.4661765410739013e-23
6089,Shasta County,CA,4.05,1.4661765410739013e-23
6023,Humboldt County,CA,4.05,1.4661765410739013e-23
6101,Sutter County,CA,4.05,1.4661765410739013e-23
6057,Nevada County,CA,4.05,1.4661765410739013e-23
6049,Modoc County,CA,4.05,1.4661765410739013e-23
6045,Mendocino County,CA,4.05,1.4661765410739013e-23
6015,Del Norte County,CA,4.05,1.4661765410739013e-23
6035,Lassen County,CA,4.05,1.4661765410739013e-23
6033,Lake County,CA,4.05,1.4661765410739013e-23
6103,Tehama County,CA,4.05,1.4661765410739013e-23
6005,Amador County,CA,4.05,1.4661765410739013e-23
6007,Butte County,CA,4.05,1.4661765410739013e-23
6009,Calaveras County,CA,4.05,1.4661765410739013e-23
6109,Tuolumne County,CA,4.05,1.4661765410739013e-23
26071,Iron County,MI,4.0,2.181812720026577e-07
5013,Calhoun County,AR,4.0,1.582252253407581e-06
26077,Kalamazoo County,MI,4.0,2.181812720026577e-07
48501,Yoakum County,TX,4.0,0.09490335703986025
22029,Concordia Parish,LA,4.0,4.1337981615708234e-10
5059,Hot Spring County,AR,4.0,1.3871844192900433e-06
37021,Buncombe County,NC,4.0,1.4661765410739013e-23
38055,Mclean County,ND,4.0,2.268060844396869e-15
38103,Wells County,ND,4.0,4.93913517991027e-15
31151,Saline County,NE,4.0,6.2360625565705e-08
16017,Bonner County,ID,4.0,1.090583541749858e-09
48047,Brooks County,TX,4.0,0.09490335703986025
30059,Meagher County,MT,4.0,2.403265364055578e-10
49021,Iron County,UT,3.9499999999999997,2.3519860317860652e-11
37097,Iredell County,NC,3.886904761904761,3.750909171181792e-09
30077,Powell County,MT,3.8345238095238097,3.6673600053027285e-10
22119,Webster Parish,LA,3.8309523809523807,6.706334273141989e-10
49001,Beaver County,UT,3.8206349206349204,3.988423461019948e-11
46135,Yankton County,SD,3.7583333333333333,1.165550438136567e-09
29207,Stoddard County,MO,3.75,6.000380661349328e-08
30001,Beaverhead County,MT,3.696825396825397,2.2710184643268178e-10
45029,Colleton County,SC,3.678113553113553,1.4661765410739013e-23
45031,Darlington County,SC,3.678113553113553,1.4661765410739013e-23
45041,Florence County,SC,3.678113553113553,1.4661765410739013e-23
8075,Logan County,CO,3.6777777777777776,1.4785118049148212e-07
36065,Oneida County,NY,3.6666666666666665,5.369055319920455e-13
23001,Androscoggin County,ME,3.6083333333333334,1.4661765410739013e-23
23011,Kennebec County,ME,3.6083333333333334,1.4661765410739013e-23
23019,Penobscot County,ME,3.6083333333333334,1.4661765410739013e-23
23021,Piscataquis County,ME,3.6083333333333334,1.4661765410739013e-23
45051,Horry County,SC,3.601190476190476,1.4661765410739013e-23
45045,Greenville County,SC,3.601190476190476,1.4661765410739013e-23
45083,Spartanburg County,SC,3.601190476190476,1.4661765410739013e-23
45087,Union County,SC,3.601190476190476,1.4661765410739013e-23
45073,Oconee County,SC,3.601190476190476,1.4661765410739013e-23
45021,Cherokee County,SC,3.601190476190476,1.4661765410739013e-23
45047,Greenwood County,SC,3.601190476190476,1.4661765410739013e-23
45007,Anderson County,SC,3.601190476190476,1.4661765410739013e-23
16005,Bannock County,ID,3.5857142857142854,3.096528700019947e-09
16087,Washington County,ID,3.5857142857142854,3.096528700019947e-09
6079,San Luis Obispo County,CA,3.5833333333333335,4.556213844590951e-13
6087,Santa Cruz County,CA,3.5833333333333335,4.556213844590951e-13
19145,Page County,IA,3.5513431013431007,1.0356253056231847e-10
47091,Johnson County,TN,3.5,1.5210750990021016e-05
28077,Lawrence County,MS,3.5,3.227108265459238e-09
30047,Lake County,MT,3.5,3.9267972644229584e-10
28155,Webster County,MS,3.5,1.4661765410739013e-23
51021,Bland County,VA,3.5,1.4661765410739013e-23
36055,Monroe County,NY,3.5,3.6892208223551224e-13
37145,Person County,NC,3.5,2.6073320032246873e-09
37107,Lenoir County,NC,3.5,2.6073320032246873e-09
37059,Davie County,NC,3.5,2.6073320032246873e-09
36001,Albany County,NY,3.5,3.900124596813728e-13
6021,Glenn County,CA,3.5,5.132682819239401e-13
37041,Chowan County,NC,3.5,2.6073320032246873e-09
37017,Bladen County,NC,3.5,2.6073320032246873e-09
37195,Wilson County,NC,3.5,2.6073320032246873e-09
38099,Walsh County,ND,3.5,1.4661765410739013e-23
49045,Tooele County,UT,3.5,3.401260489714985e-11
41045,Malheur County,OR,3.4833333333333334,1.1338875429434516e-11
41043,Linn County,OR,3.4833333333333334,1.1338875429434516e-11
30081,Ravalli County,MT,3.4595238095238097,4.2951928843872216e-10
33013,Merrimack County,NH,3.4166666666666665,1.4661765410739013e-23
33017,Strafford County,NH,3.4166666666666665,1.4661765410739013e-23
21009,Barren County,KY,3.4166666666666665,5.836340663646218e-08
21085,Grayson County,KY,3.4166666666666665,5.836340663646218e-08
41039,Lane County,OR,3.4166666666666665,1.1908543537361419e-11
30101,Toole County,MT,3.3958333333333335,3.6673600053031576e-10
38031,Foster County,ND,3.376165501165501,1.997681126605256e-15
28025,Clay County,MS,3.35,5.83104946957831e-09
8069,Larimer County,CO,3.3333333333333335,6.801666531297949e-08
8065,Lake County,CO,3.3333333333333335,6.801666531297949e-08
21069,Fleming County,KY,3.3333333333333335,4.4840452197273545e-08
23025,Somerset County,ME,3.333333333333333,3.8700368197750994e-14
20135,Ness County,KS,3.333333333333333,8.177286482203227e-09
22067,Morehouse Parish,LA,3.3309523809523807,1.207229318068664e-09
38027,Eddy County,ND,3.2992424242424243,1.4661765410739013e-23
1027,Clay County,AL,3.2928571428571427,3.250223847179846e-09
20079,Harvey County,KS,3.217857142857143,3.8647996377200145e-08
38057,Mercer County,ND,3.208333333333333,1.997681126605256e-15
22059,LaSalle Parish,LA,3.198412698412698,8.307409970659411e-10
41013,Crook County,OR,3.1666666666666665,1.9190344961297895e-11
53045,Mason County,WA,3.1666666666666665,1.4741072653368392e-13
23013,Knox County,ME,3.1666666666666665,3.8700368197750994e-14
53071,Walla Walla County,WA,3.1666666666666665,1.4741072653368392e-13
5119,Pulaski County,AR,3.16025641025641,1.7201619266763982e-06
23007,Franklin County,ME,3.0833333333333335,1.4661765410739013e-23
41037,Lake County,OR,3.083333333333333,2.740038293638917e-11
16023,Butte County,ID,3.0666666666666664,3.5482897188968417e-09
27121,Pope County,MN,3.064285714285714,1.5382220244478204e-06
31055,Douglas County,NE,3.0,4.53197958702431e-08
31043,Dakota County,NE,3.0,4.53197958702431e-08
31089,Holt County,NE,3.0,7.235407287593948e-08
31121,Merrick County,NE,3.0,1.737218951193154e-08
17153,Pulaski County,IL,3.0,2.2781742575474764e-13
31023,Butler County,NE,3.0,7.235407287593948e-08
45023,Chester County,SC,3.0,7.237841591518683e-18
47085,Humphreys County,TN,3.0,1.0694123322786854e-05
47051,Franklin County,TN,3.0,1.0694123322786854e-05
42037,Columbia County,PA,3.0,1.298623359136141e-08
27049,Goodhue County,MN,3.0,2.0585747924174446e-06
27051,Grant County,MN,3.0,2.61859503072862e-06
49035,Salt Lake County,UT,3.0,1.8112845481598857e-11
29095,Jackson County,MO,3.0,6.000380661349328e-08
37089,Henderson County,NC,3.0,2.6073320032246873e-09
5117,Prairie County,AR,3.0,1.582252253407581e-06
22011,Beauregard Parish,LA,3.0,1.0706372530978897e-09
21227,Warren County,KY,3.0,4.4840452197273545e-08
21089,Greenup County,KY,3.0,4.4840452197273545e-08
1111,Randolph County,AL,3.0,1.9215185920032932e-09
1051,Elmore County,AL,3.0,1.9215185920032932e-09
30073,Pondera County,MT,3.0,1.208932094992009e-10
47005,Benton County,TN,3.0,1.0402186337315611e-05
20101,Lane County,KS,3.0,9.299471788136934e-09
46127,Union County,SD,2.8333333333333335,1.3164775109711957e-09
38033,Golden Valley County,ND,2.833333333333333,1.997681126605256e-15
26153,Schoolcraft County,MI,2.7916666666666665,2.590631604706363e-07
20181,Sherman County,KS,2.7916666666666665,2.826117456264806e-08
28117,Prentiss County,MS,2.75,3.061304175279963e-09
23003,Aroostook County,ME,2.7333333333333334,3.076742352131532e-14
19117,Lucas County,IA,2.7013431013431006,1.0287180222809782e-10
56037,Sweetwater County,WY,2.645833333333333,4.753744072283056e-18
16019,Bonneville County,ID,2.5857142857142854,4.099845519235304e-09
45069,Marlboro County,SC,2.5833333333333335,1.8561428465860324e-19
45043,Georgetown County,SC,2.5833333333333335,1.8561428465860324e-19
45033,Dillon County,SC,2.5833333333333335,1.8561428465860324e-19
56005,Campbell County,WY,2.583333333333333,1.4661765410739013e-23
56041,Uinta County,WY,2.583333333333333,1.4661765410739013e-23
56033,Sheridan County,WY,2.583333333333333,1.4661765410739013e-23
51540,Charlottesville city,VA,2.583333333333333,2.0728032373599705e-13
56029,Park County,WY,2.583333333333333,1.4661765410739013e-23
56025,Natrona County,WY,2.583333333333333,1.4661765410739013e-23
21237,Wolfe County,KY,2.5,4.8166105852739626e-08
45063,Lexington County,SC,2.5,1.2584126052279163e-18
23009,Hancock County,ME,2.5,6.206784232876468e-14
19047,Crawford County,IA,2.5,5.847549716018892e-10
28115,Pontotoc County,MS,2.5,3.646595498726558e-09
19121,Madison County,IA,2.5,5.847549716018892e-10
17143,Peoria County,IL,2.4935897435897436,4.0686720785397335e-13
6017,El Dorado County,CA,2.45,5.166515608557147e-13
39127,Perry County,OH,2.4166666666666665,3.4683872255644177e-19
39029,Columbiana County,OH,2.4166666666666665,3.4683872255644177e-19
32023,Nye County,NV,2.342857142857143,8.50382393822863e-22
27115,Pine County,MN,2.3333333333333335,2.519850320224854e-06
27135,Roseau County,MN,2.3333333333333335,2.519850320224854e-06
30071,Phillips County,MT,2.3333333333333335,2.898851343411312e-10
1057,Fayette County,AL,2.3333333333333335,3.5958222618159417e-09
41061,Union County,OR,2.3333333333333335,1.8350233204831638e-11
46013,Brown County,SD,2.333333333333333,1.0991519354091578e-09
39007,Ashtabula County,OH,2.333333333333333,6.129561181930351e-18
46005,Beadle County,SD,2.3249999999999997,2.264702373545709e-09
32033,White Pine County,NV,2.2916666666666665,1.4661765410739013e-23
32510,Carson City,NV,2.2916666666666665,1.4661765410739013e-23
32001,Churchill County,NV,2.2916666666666665,1.4661765410739013e-23
20137,Norton County,KS,2.283333333333333,1.135590239514238e-08
23017,Oxford County,ME,2.275,4.3799515443483855e-14
39045,Fairfield County,OH,2.25,3.4683872255644177e-19
53023,Garfield County,WA,2.142857142857143,2.284960141393671e-13
54049,Marion County,WV,2.1166666666666667,1.4978008412367574e-19
5137,Stone County,AR,2.1,8.172266089351803e-07
13281,Towns County,GA,2.090909090909091,6.212300524169103e-05
56017,Hot Springs County,WY,2.0458333333333334,8.852239721392702e-17
40049,Garvin County,OK,2.0,4.0354356081026424e-08
40045,Ellis County,OK,2.0,4.0354356081026424e-08
40079,Le Flore County,OK,2.0,4.0354356081026424e-08
40015,Caddo County,OK,2.0,4.0354356081026424e-08
25027,Worcester County,MA,2.0,1.4661765410739013e-23
27171,Wright County,MN,2.0,2.519850320224854e-06
40077,Latimer County,OK,2.0,4.0354356081026424e-08
1021,Chilton County,AL,2.0,3.5958222618159417e-09
48067,Cass County,TX,2.0,0.1768422646976937
5129,Searcy County,AR,2.0,1.8395530711156912e-06
46077,Kingsbury County,SD,2.0,1.165550438136567e-09
27031,Cook County,MN,2.0,1.4661765410739013e-23
18135,Randolph County,IN,2.0,1.9450985949356033e-07
18069,Huntington County,IN,2.0,1.9450985949356033e-07
30061,Mineral County,MT,2.0,1.4661765410739013e-23
36019,Clinton County,NY,2.0,1.6798344977119495e-13
31105,Kimball County,NE,2.0,4.353900236802304e-08
31109,Lancaster County,NE,2.0,5.0304799019404246e-08
18061,Harrison County,IN,2.0,1.9450985949356033e-07
18023,Clinton County,IN,2.0,1.9450985949356033e-07
56013,Fremont County,WY,2.0,2.1820432529084415e-16
27133,Rock County,MN,2.0,1.4661765410739013e-23
25013,Hampden County,MA,2.0,1.4661765410739013e-23
41035,Klamath County,OR,2.0,2.2252263576156463e-11
19091,Humboldt County,IA,2.0,5.847549716018892e-10
25001,Barnstable County,MA,2.0,1.4661765410739013e-23
48463,Uvalde County,TX,2.0,0.16145281384137042
48041,Brazos County,TX,2.0,0.16145281384137042
48017,Bailey County,TX,2.0,0.16145281384137042
13195,Madison County,GA,2.0,6.205175009185807e-05
19083,Hardin County,IA,2.0,5.847549716018892e-10
53031,Jefferson County,WA,2.0,2.0041040183693916e-13
24025,Harford County,MD,2.0,1.4477417878444155e-19
25003,Berkshire County,MA,2.0,1.4661765410739013e-23
25005,Bristol County,MA,2.0,1.4661765410739013e-23
8017,Cheyenne County,CO,2.0,6.801666531297949e-08
23023,Sagadahoc County,ME,2.0,2.4808835235255597e-14
8007,Archuleta County,CO,2.0,6.801666531297949e-08
47155,Sevier County,TN,2.0,2.5612937327336622e-05
53013,Columbia County,WA,1.952380952380952,3.2365277054900845e-13
54069,Ohio County,WV,1.95,1.4978008412367574e-19
53069,Wahkiakum County,WA,1.9,1.084899184030862e-13
49047,Uintah County,UT,1.8666666666666667,3.715472462148455e-11
55095,Polk County,WI,1.8333333333333333,3.9614371563164144e-08
24009,Calvert County,MD,1.8333333333333333,1.793246692544235e-21
24041,Talbot County,MD,1.8333333333333333,1.8804922526531923e-21
12035,Flagler County,FL,1.8333333333333333,1.514041896323278e-08
49023,Juab County,UT,1.8333333333333333,1.9085932323437707e-11
24045,Wicomico County,MD,1.8333333333333333,1.793246692544235e-21
55047,Green Lake County,WI,1.8333333333333333,3.9614371563164144e-08
25023,Plymouth County,MA,1.7,1.4075294794309458e-21
53043,Lincoln County,WA,1.6999999999999997,3.4761830747677864e-13
54057,Mineral County,WV,1.6666666666666665,7.487271754421108e-16
46049,Faulk County,SD,1.6666666666666665,1.165550438136567e-09
13099,Early County,GA,1.6666666666666665,8.138730763266648e-05
29093,Iron County,MO,1.5666666666666667,6.825305773304304e-08
34005,Burlington County,NJ,1.5,6.646666986201683e-22
33001,Belknap County,NH,1.5,5.188171521477425e-17
53025,Grant County,WA,1.5,1.084899184030862e-13
13185,Lowndes County,GA,1.5,6.205175009185807e-05
20133,Neosho County,KS,1.5,1.1639676907054625e-09
28033,Desoto County,MS,1.5,3.061304175279963e-09
54023,Grant County,WV,1.5,1.4978008412367574e-19
12069,Lake County,FL,1.5,1.514041896323278e-08
5037,Cross County,AR,1.5,8.172266089351803e-07
5029,Conway County,AR,1.5,8.172266089351803e-07
5021,Clay County,AR,1.5,8.172266089351803e-07
5003,Ashley County,AR,1.5,8.172266089351803e-07
53049,Pacific County,WA,1.5,1.084899184030862e-13
13075,Cook County,GA,1.5,6.205175009185807e-05
49017,Garfield County,UT,1.5,1.5899759415565644e-11
12063,Jackson County,FL,1.5,1.3950976809373415e-08
21053,Clinton County,KY,1.476190476190476,4.027749547297913e-08
19085,Harrison County,IA,1.4561507936507934,1.3155967145169426e-10
46095,Mellette County,SD,1.4083333333333332,1.4661765410739013e-23
49057,Weber County,UT,1.3666666666666667,5.184577850788032e-11
48387,Red River County,TX,1.3333333333333333,9.480508416185711e-05
2020,Anchorage Municipality,AK,1.3333333333333333,1.4661765410739013e-23
9005,Litchfield County,CT,1.3333333333333333,2.235919225137699e-22
2122,Kenai Peninsula Borough,AK,1.3333333333333333,1.4661765410739013e-23
20113,Mcpherson County,KS,1.3333333333333333,1.135590239514238e-08
33005,Cheshire County,NH,1.3333333333333333,1.2479935832776663e-17
2170,Matanuska-Susitna Borough,AK,1.3333333333333333,1.4661765410739013e-23
2130,Ketchikan Gateway Borough,AK,1.3333333333333333,1.4661765410739013e-23
36097,Schuyler County,NY,1.3333333333333333,9.20541877252638e-13
2110,Juneau City and Borough,AK,1.3333333333333333,1.4661765410739013e-23
46099,Minnehaha County,SD,1.325,1.2605073442085485e-09
50003,Bennington County,VT,1.3194444444444444,1.4661765410739013e-23
50025,Windham County,VT,1.3194444444444444,1.4661765410739013e-23
50021,Rutland County,VT,1.3194444444444444,1.4661765410739013e-23
15007,Kauai County,HI,1.25,1.4661765410739013e-23
56043,Washakie County,WY,1.25,2.7262793402881804e-16
25007,Dukes County,MA,1.25,1.3525478591406756e-20
38101,Ward County,ND,1.2,7.203720501726868e-15
38067,Pembina County,ND,1.2,7.203720501726868e-15
24017,Charles County,MD,1.1666666666666665,4.659766836814805e-20
9011,New London County,CT,1.0928571428571427,1.4661765410739013e-23
9015,Windham County,CT,1.0928571428571427,1.4661765410739013e-23
9009,New Haven County,CT,1.0928571428571427,1.4661765410739013e-23
45035,Dorchester County,SC,1.0833333333333333,1.4440122281211105e-18
54073,Pleasants County,WV,1.0833333333333333,4.016407236092804e-16
54087,Roane County,WV,1.0833333333333333,4.016407236092804e-16
26041,Delta County,MI,1.0,2.799467976847799e-07
22123,West Carroll Parish,LA,1.0,3.6388204097509677e-10
22057,Lafourche Parish,LA,1.0,3.6388204097509677e-10
22041,Franklin Parish,LA,1.0,8.039781413995561e-10
31175,Valley County,NE,1.0,5.8858670713480885e-09
28023,Clarke County,MS,1.0,2.7502398290009983e-09
29039,Cedar County,MO,1.0,1.2957125201668407e-08
29011,Barton County,MO,1.0,2.149755989846648e-08
28017,Chickasaw County,MS,1.0,2.7502398290009983e-09
31061,Franklin County,NE,1.0,5.8858670713480885e-09
21233,Webster County,KY,1.0,5.8218999768362476e-08
37009,Ashe County,NC,1.0,6.261822460830544e-09
38011,Bowman County,ND,1.0,7.203720501726868e-15
38029,Emmons County,ND,1.0,7.203720501726868e-15
48201,Harris County,TX,1.0,0.07834751416566979
18055,Greene County,IN,1.0,4.817862910423136e-07
21143,Lyon County,KY,1.0,5.8218999768362476e-08
21111,Jefferson County,KY,1.0,4.027749547297913e-08
56035,Sublette County,WY,1.0,1.7940960711643595e-16
56023,Lincoln County,WY,1.0,1.4661765410739013e-23
2195,Petersburg Borough,AK,1.0,1.7195583406852075e-18
56039,Teton County,WY,1.0,3.832657696111275e-16
54003,Berkeley County,WV,1.0,4.307330265977847e-16
6031,Kings County,CA,1.0,4.2007227526782294e-13
8043,Fremont County,CO,1.0,5.6402573469085256e-08
8125,Yuma County,CO,1.0,5.6402573469085256e-08
12121,Suwannee County,FL,1.0,1.6500295862279345e-08
12129,Wakulla County,FL,1.0,8.805436311543096e-09
55099,Price County,WI,1.0,4.810703616132998e-08
13083,Dade County,GA,1.0,6.205175009185807e-05
55039,Fond Du Lac County,WI,1.0,3.9614371563164144e-08
19063,Emmet County,IA,1.0,8.45897484862912e-10
16071,Oneida County,ID,1.0,1.3926904060172652e-09
20109,Logan County,KS,1.0,1.135590239514238e-08
20123,Mitchell County,KS,1.0,8.177286482203227e-09
20147,Phillips County,KS,1.0,1.0880204632567942e-09
20209,Wyandotte County,KS,1.0,1.832930647319758e-09
33009,Grafton County,NH,1.0,4.1441752505443424e-17
29005,Atchison County,MO,1.0,2.149755989846648e-08
35025,Lea County,NM,1.0,5.909863010166754e-12
42109,Snyder County,PA,1.0,1.298623359136141e-08
34041,Warren County,NJ,1.0,6.6307834070067294e-21
35009,Curry County,NM,1.0,5.909863010166754e-12
48109,Culberson County,TX,1.0,1.4661765410739013e-23
44003,Kent County,RI,1.0,1.4661765410739013e-23
41017,Deschutes County,OR,1.0,1.8350233204831638e-11
48443,Terrell County,TX,1.0,1.4661765410739013e-23
42095,Northampton County,PA,1.0,1.298623359136141e-08
36033,Franklin County,NY,1.0,1.6798344977119495e-13
42059,Greene County,PA,1.0,2.3467773628181523e-08
47173,Union County,TN,1.0,1.5210750990021016e-05
44009,Washington County,RI,1.0,1.4661765410739013e-23
47131,Obion County,TN,1.0,1.5210750990021016e-05
6115,Yuba County,CA,0.9583333333333333,5.166515608557147e-13
50011,Franklin County,VT,0.9444444444444444,1.1912684396225444e-22
31031,Cherry County,NE,0.8333333333333333,6.944729603661648e-08
6107,Tulare County,CA,0.8333333333333333,5.166515608557147e-13
40061,Haskell County,OK,0.8333333333333333,7.342997321283611e-08
34029,Ocean County,NJ,0.7833333333333333,1.4661765410739013e-23
34015,Gloucester County,NJ,0.7833333333333333,1.4661765410739013e-23
34011,Cumberland County,NJ,0.7833333333333333,1.4661765410739013e-23
34009,Cape May County,NJ,0.7833333333333333,1.4661765410739013e-23
34007,Camden County,NJ,0.7833333333333333,1.4661765410739013e-23
34033,Salem County,NJ,0.7833333333333333,1.4661765410739013e-23
34001,Atlantic County,NJ,0.7833333333333333,1.4661765410739013e-23
4015,Mohave County,AZ,0.75,1.4661765410739013e-23
4007,Gila County,AZ,0.75,1.4661765410739013e-23
4019,Pima County,AZ,0.75,1.4661765410739013e-23
4009,Graham County,AZ,0.75,1.4661765410739013e-23
4025,Yavapai County,AZ,0.75,1.4661765410739013e-23
20187,Stanton County,KS,0.7,1.0147882385739835e-08
40073,Kingfisher County,OK,0.6666666666666666,1.524205985419726e-08
45067,Marion County,SC,0.5178571428571428,1.2584126052279163e-18
50005,Caledonia County,VT,0.5,2.4293730743071735e-22
37147,Pitt County,NC,0.5,1.5555244801076285e-10
19103,Johnson County,IA,0.5,1.3975428582365969e-11
40097,Mayes County,OK,0.5,7.342997321283611e-08
26045,Eaton County,MI,0.5,2.799467976847799e-07
28049,Hinds County,MS,0.5,1.2914071493223099e-12
17039,De Witt County,IL,0.5,2.528995936009476e-12
46045,Edmunds County,SD,0.5,1.8981568789728023e-09
17161,Rock Island County,IL,0.5,2.528995936009476e-12
47151,Scott County,TN,0.5,1.3798745062909124e-06
2150,Kodiak Island Borough,AK,0.5,2.431877528474883e-18
17177,Stephenson County,IL,0.5,2.528995936009476e-12
35035,Otero County,NM,0.5,5.909863010166754e-12
39057,Greene County,OH,0.5,2.8182696411240887e-17
26107,Mecosta County,MI,0.5,2.799467976847799e-07
32005,Douglas County,NV,0.41666666666666663,8.23258127812996e-21
32021,Mineral County,NV,0.41666666666666663,8.23258127812996e-21
10005,Sussex County,DE,0.375,1.4661765410739013e-23
8105,Rio Grande County,CO,0.3333333333333333,6.25876930037493e-08
22083,Richland Parish,LA,0.3333333333333333,1.3334471408537204e-10
15001,Hawaii County,HI,0.3333333333333333,2.9323530821478035e-22
37005,Alleghany County,NC,0.25,1.0012731632012335e-08
51057,Essex County,VA,0.25,5.789137459183018e-12
51117,Mecklenburg County,VA,0.25,5.789137459183018e-12
51073,Gloucester County,VA,0.25,5.789137459183018e-12
4013,,AZ,0.0,3.628786939157908e-22
45019,,SC,0.0,7.894796759628698e-23
45049,,SC,0.0,2.4025575338043123e-17
1079,,AL,0.0,3.574451574251817e-09
1023,,AL,0.0,3.574451574251817e-09
55029,,WI,0.0,1.986985378618347e-08
12001,,FL,0.0,7.894796759628698e-23
48445,,TX,0.0,0.01538945085632331
46105,,SD,0.0,5.934899374139035e-11
47055,,TN,0.0,7.569512705944174e-06
47083,,TN,0.0,7.569512705944174e-06
13275,,GA,0.0,3.7830523077358803e-06
42025,,PA,0.0,1.048154003682013e-08
5001,,AR,0.0,6.713633832856118e-07
10001,,DE,0.0,4.948345826124419e-23
10003,,DE,0.0,8.430515111174934e-23
54101,,WV,0.0,3.6090499472588347e-23
45009,,SC,0.0,2.4025575338043123e-17
42055,,PA,0.0,1.048154003682013e-08
42123,,PA,0.0,1.048154003682013e-08
9003,,CT,0.0,4.325220796168008e-22
54079,,WV,0.0,7.503783870549882e-16
5111,,AR,0.0,6.713633832856118e-07
9007,,CT,0.0,3.1797878279366547e-21
44007,,RI,0.0,5.718088510188217e-22
40059,,OK,0.0,1.9491248753348467e-09
4003,,AZ,0.0,3.628786939157908e-22
45025,,SC,0.0,2.4211174960936333e-17
4012,,AZ,0.0,3.628786939157908e-22
33003,,NH,0.0,1.2479378685691052e-17
20027,,KS,0.0,1.8783860251952617e-08
15009,,HI,0.0,1.0128836271252204e-21
50023,,VT,0.0,2.4293730743071735e-22
24023,,MD,0.0,7.004133192745128e-19
23029,,ME,0.0,4.0493127993208625e-14
23031,,ME,0.0,4.0493127993208625e-14
26133,,MI,0.0,1.6868728046938735e-07
27109,,MN,0.0,8.654170690974959e-09
29067,,MO,0.0,6.825305773304304e-08
29099,,MO,0.0,6.825305773304304e-08
35029,,NM,0.0,2.639267839962118e-12
35007,,NM,0.0,2.639267839962118e-12
28125,,MS,0.0,2.9844825293237165e-09
50019,,VT,0.0,2.4293730743071735e-22
19025,,IA,0.0,6.38204891814889e-10
50015,,VT,0.0,2.4293730743071735e-22
50027,,VT,0.0,2.2432501078430716e-21
51139,,VA,0.0,5.789137459183018e-12
51089,,VA,0.0,5.789137459183018e-12
51085,,VA,0.0,5.789137459183018e-12
30083,,MT,0.0,2.488973835805168e-10
37099,,NC,0.0,5.685059879342443e-09
37173,,NC,0.0,2.347214853514478e-10
38053,,ND,0.0,2.2059658231515266e-14
34025,,NJ,0.0,4.379249401706587e-20
24021,,MD,0.0,7.004133192745128e-19
32031,,NV,0.0,2.629807552897203e-20
25015,,MA,0.0,1.0979353064591345e-19
32019,,NV,0.0,1.7622831116816167e-20
16059,,ID,0.0,9.087859802580095e-10
17079,,IL,0.0,1.6326676261252907e-13
17105,,IL,0.0,2.528995936009476e-12
17163,,IL,0.0,2.528995936009476e-12
17063,,IL,0.0,4.2363808010193536e-13
18051,,IN,0.0,2.83783688513837e-07
39039,,OH,0.0,6.8719921388408035e-19
33007,,NH,0.0,1.2479378685691052e-17
39157,,OH,0.0,8.308002841143067e-17
36067,,NY,0.0,2.1090377460522333e-14
20025,,KS,0.0,2.563297469473101e-09
36061,,NY,0.0,2.1090377460522333e-14
20031,,KS,0.0,1.832930647319758e-09
36089,,NY,0.0,2.419112422109721e-13
36121,,NY,0.0,9.20541877252638e-13
36091,,NY,0.0,9.20541877252638e-13
36077,,NY,0.0,9.20541877252638e-13
36073,,NY,0.0,9.20541877252638e-13
22081,,LA,0.0,1.3334471408537204e-10
22127,,LA,0.0,1.3334471408537204e-10
53065,,WA,0.0,2.400503362791849e-13
56021,,WY,0.0,8.852239721392702e-17
